selector,method,memory_bin,n,success,median_rmsd,pb_valid_all,mean_memory_score,official_success,delta_vs_official
official_ranking,all_methods,all,4727,0.6244975671673366,1.109410047531128,0.7125026443833298,0.6742088057849303,0.6244975671673366,0.0
oracle_min_rmsd,all_methods,all,4727,0.7141950497144066,0.7500402331352234,0.9900571186799239,0.6742088057849303,0.6244975671673366,0.08969748254707
nested_pair_rank_structure_antimemory_low_success,all_methods,all,4727,0.6299978844933362,1.093890905380249,0.7389464776814046,0.6742088057849303,0.6244975671673366,0.0055003173259995375
fusion_rank_confidence,all_methods,all,4727,0.7000211550666384,0.8468109369277954,0.9964036386714619,0.6742088057849303,0.6244975671673366,0.0755235878993018
fusion_rank_confidence_structure,all_methods,all,4727,0.7006558070657922,0.8566944599151611,0.9972498413370002,0.6742088057849303,0.6244975671673366,0.0761582398984556
fusion_rank_confidence_structure_memory,all_methods,all,4727,0.7010789083985615,0.8676759004592896,0.9972498413370002,0.6742088057849303,0.6244975671673366,0.07658134123122484
fusion_rank_confidence_structure_physics,all_methods,all,4727,0.7006558070657922,0.8566944599151611,0.9972498413370002,0.6742088057849303,0.6244975671673366,0.0761582398984556
fusion_rank_confidence_structure_memory_physics,all_methods,all,4727,0.7010789083985615,0.8676759004592896,0.9972498413370002,0.6742088057849303,0.6244975671673366,0.07658134123122484
fusion_rank_confidence_structure_memory_physics_antimemory,all_methods,all,4727,0.701290459064946,0.8607560396194458,0.9972498413370002,0.6742088057849303,0.6244975671673366,0.0767928918976094
official_ranking,all_methods,high,2100,0.8885714285714286,0.4438283741474151,0.7914285714285715,0.9392622346509137,0.8885714285714286,0.0
official_ranking,all_methods,low,528,0.13825757575757575,8.14870548248291,0.44696969696969696,0.2680201538600677,0.13825757575757575,0.0
official_ranking,all_methods,mid,2099,0.48261076703191996,2.0988357067108154,0.7003334921391139,0.5112051886328396,0.48261076703191996,0.0
oracle_min_rmsd,all_methods,high,2100,0.9395238095238095,0.3342788368463516,0.9966666666666667,0.9392622346509137,0.8885714285714286,0.05095238095238097
oracle_min_rmsd,all_methods,low,528,0.23106060606060605,5.001321315765381,0.9848484848484849,0.2680201538600677,0.13825757575757575,0.0928030303030303
oracle_min_rmsd,all_methods,mid,2099,0.6102906145783706,1.3267371654510498,0.9847546450690805,0.5112051886328396,0.48261076703191996,0.12767984754645068
nested_pair_rank_structure_antimemory_low_success,all_methods,mid,2099,0.4883277751310148,2.0807418823242188,0.733206288708909,0.5112051886328398,0.48261076703191996,0.005717008099094811
nested_pair_rank_structure_antimemory_low_success,all_methods,high,2100,0.8919047619047619,0.4441942423582077,0.8085714285714286,0.9392622346509139,0.8885714285714286,0.0033333333333332993
nested_pair_rank_structure_antimemory_low_success,all_methods,low,528,0.15151515151515152,8.14870548248291,0.48484848484848486,0.2680201538600677,0.13825757575757575,0.013257575757575774
fusion_rank_confidence,all_methods,high,2100,0.9304761904761905,0.3939720243215561,0.9990476190476191,0.9392622346509137,0.8885714285714286,0.04190476190476189
fusion_rank_confidence,all_methods,low,528,0.2159090909090909,7.900472402572632,0.9924242424242424,0.2680201538600677,0.13825757575757575,0.07765151515151517
fusion_rank_confidence,all_methods,mid,2099,0.5912339209147213,1.430362105369568,0.9947594092424964,0.5112051886328396,0.48261076703191996,0.1086231538828013
fusion_rank_confidence_structure,all_methods,high,2100,0.9319047619047619,0.4083721190690994,1.0,0.9392622346509137,0.8885714285714286,0.043333333333333335
fusion_rank_confidence_structure,all_methods,low,528,0.2178030303030303,7.690659999847412,0.9962121212121212,0.2680201538600677,0.13825757575757575,0.07954545454545456
fusion_rank_confidence_structure,all_methods,mid,2099,0.5907575035731301,1.428301453590393,0.9947594092424964,0.5112051886328396,0.48261076703191996,0.1081467365412101
fusion_rank_confidence_structure_memory,all_methods,high,2100,0.9323809523809524,0.4088343977928161,0.9990476190476191,0.9392622346509137,0.8885714285714286,0.043809523809523854
fusion_rank_confidence_structure_memory,all_methods,low,528,0.2178030303030303,7.632725238800049,0.9962121212121212,0.2680201538600677,0.13825757575757575,0.07954545454545456
fusion_rank_confidence_structure_memory,all_methods,mid,2099,0.5912339209147213,1.4218837022781372,0.9957122439256789,0.5112051886328396,0.48261076703191996,0.1086231538828013
fusion_rank_confidence_structure_physics,all_methods,high,2100,0.9319047619047619,0.4083721190690994,1.0,0.9392622346509137,0.8885714285714286,0.043333333333333335
fusion_rank_confidence_structure_physics,all_methods,low,528,0.2178030303030303,7.690659999847412,0.9962121212121212,0.2680201538600677,0.13825757575757575,0.07954545454545456
fusion_rank_confidence_structure_physics,all_methods,mid,2099,0.5907575035731301,1.428301453590393,0.9947594092424964,0.5112051886328396,0.48261076703191996,0.1081467365412101
fusion_rank_confidence_structure_memory_physics,all_methods,high,2100,0.9323809523809524,0.4088343977928161,0.9990476190476191,0.9392622346509137,0.8885714285714286,0.043809523809523854
fusion_rank_confidence_structure_memory_physics,all_methods,low,528,0.2178030303030303,7.632725238800049,0.9962121212121212,0.2680201538600677,0.13825757575757575,0.07954545454545456
fusion_rank_confidence_structure_memory_physics,all_methods,mid,2099,0.5912339209147213,1.42335307598114,0.9957122439256789,0.5112051886328396,0.48261076703191996,0.1086231538828013
fusion_rank_confidence_structure_memory_physics_antimemory,all_methods,high,2100,0.9323809523809524,0.4080885350704193,0.9990476190476191,0.9392622346509137,0.8885714285714286,0.043809523809523854
fusion_rank_confidence_structure_memory_physics_antimemory,all_methods,low,528,0.2178030303030303,7.747559547424316,0.9962121212121212,0.2680201538600677,0.13825757575757575,0.07954545454545456
fusion_rank_confidence_structure_memory_physics_antimemory,all_methods,mid,2099,0.5917103382563126,1.4218837022781372,0.9957122439256789,0.5112051886328396,0.48261076703191996,0.10909957122439262
official_ranking,af3,all,697,0.6341463414634146,1.0004606246948242,0.6542324246771879,0.6663423794024945,0.6244975671673366,0.009648774296078022
official_ranking,af3_no_template,all,697,0.6456241032998565,1.0154482126235962,0.6140602582496413,0.6664652641409265,0.6244975671673366,0.021126536132519913
official_ranking,boltz,all,670,0.6059701492537314,1.2641462087631226,0.5029850746268657,0.6783334080593707,0.6244975671673366,-0.018527417913605237
official_ranking,boltz1x,all,666,0.6201201201201201,1.1631397008895874,0.9204204204204204,0.6806378204447932,0.6244975671673366,-0.004377447047216543
official_ranking,boltz2,all,630,0.6936507936507936,0.9397163987159728,1.0,0.6841840339121722,0.6244975671673366,0.06915322648345701
official_ranking,chai,all,680,0.5926470588235294,1.1785191297531128,0.6867647058823529,0.6741812664284047,0.6244975671673366,-0.031850508343807205
official_ranking,protenix,all,687,0.5836972343522562,1.206549048423767,0.636098981077147,0.6706706303400384,0.6244975671673366,-0.04080033281508044
oracle_min_rmsd,af3,all,697,0.7546628407460545,0.633518397808075,0.9928263988522238,0.6663423794024945,0.6244975671673366,0.13016527357871788
oracle_min_rmsd,af3_no_template,all,697,0.7661406025824964,0.6139246821403503,0.9899569583931134,0.6664652641409265,0.6244975671673366,0.14164303541515977
oracle_min_rmsd,boltz,all,670,0.682089552238806,0.8665155172348022,0.9791044776119403,0.6783334080593707,0.6244975671673366,0.05759198507146934
oracle_min_rmsd,boltz1x,all,666,0.6756756756756757,0.8349789083003998,0.9894894894894894,0.6806378204447932,0.6244975671673366,0.05117810850833904
oracle_min_rmsd,boltz2,all,630,0.7666666666666667,0.6751895844936371,1.0,0.6841840339121722,0.6244975671673366,0.1421690994993301
oracle_min_rmsd,chai,all,680,0.6794117647058824,0.7640203535556793,0.9882352941176471,0.6741812664284047,0.6244975671673366,0.05491419753854576
oracle_min_rmsd,protenix,all,687,0.6754002911208151,0.7907001972198486,0.9912663755458515,0.6706706303400384,0.6244975671673366,0.0509027239534785
nested_pair_rank_structure_antimemory_low_success,af3,all,697,0.6556671449067432,0.9695582985877992,0.697274031563845,0.6663423794024945,0.6244975671673366,0.03116957773940654
nested_pair_rank_structure_antimemory_low_success,af3_no_template,all,697,0.6542324246771879,1.0119236707687378,0.6571018651362984,0.6664652641409264,0.6244975671673366,0.029734857509851276
nested_pair_rank_structure_antimemory_low_success,boltz,all,670,0.608955223880597,1.2693835496902466,0.5417910447761194,0.6783334080593708,0.6244975671673366,-0.015542343286739646
nested_pair_rank_structure_antimemory_low_success,boltz1x,all,666,0.6156156156156156,1.166130781173706,0.9219219219219219,0.6806378204447932,0.6244975671673366,-0.008881951551721001
nested_pair_rank_structure_antimemory_low_success,boltz2,all,630,0.6984126984126984,0.9397163987159728,1.0,0.6841840339121723,0.6244975671673366,0.07391513124536175
nested_pair_rank_structure_antimemory_low_success,chai,all,680,0.5897058823529412,1.1583344340324402,0.7132352941176471,0.6741812664284048,0.6244975671673366,-0.03479168481439543
nested_pair_rank_structure_antimemory_low_success,protenix,all,687,0.5909752547307132,1.2028934955596924,0.6652110625909753,0.6706706303400384,0.6244975671673366,-0.0335223124366234
fusion_rank_confidence,af3,all,697,0.7345767575322812,0.7165477275848389,0.9985652797704447,0.6663423794024945,0.6244975671673366,0.11007919036494462
fusion_rank_confidence,af3_no_template,all,697,0.7560975609756098,0.7370813488960266,0.994261119081779,0.6664652641409265,0.6244975671673366,0.13159999380827314
fusion_rank_confidence,boltz,all,670,0.655223880597015,0.9989336729049683,0.9895522388059701,0.6783334080593707,0.6244975671673366,0.030726313429678354
fusion_rank_confidence,boltz1x,all,666,0.6591591591591591,0.9703080654144287,0.9954954954954955,0.6806378204447932,0.6244975671673366,0.034661591991822505
fusion_rank_confidence,boltz2,all,630,0.7603174603174603,0.755438357591629,1.0,0.6841840339121722,0.6244975671673366,0.13581989315012366
fusion_rank_confidence,chai,all,680,0.6691176470588235,0.908828616142273,0.9985294117647059,0.6741812664284047,0.6244975671673366,0.044620079891486863
fusion_rank_confidence,protenix,all,687,0.6666666666666666,0.8713347911834717,0.9985443959243085,0.6706706303400384,0.6244975671673366,0.04216909949933001
fusion_rank_confidence_structure,af3,all,697,0.7388809182209469,0.7285666465759277,0.9971305595408895,0.6663423794024945,0.6244975671673366,0.1143833510536103
fusion_rank_confidence_structure,af3_no_template,all,697,0.7546628407460545,0.7353965044021606,0.9971305595408895,0.6664652641409265,0.6244975671673366,0.13016527357871788
fusion_rank_confidence_structure,boltz,all,670,0.6626865671641791,0.9731750190258026,0.9955223880597015,0.6783334080593707,0.6244975671673366,0.03818899999684244
fusion_rank_confidence_structure,boltz1x,all,666,0.6561561561561562,0.965120792388916,0.9954954954954955,0.6806378204447932,0.6244975671673366,0.03165858898881957
fusion_rank_confidence_structure,boltz2,all,630,0.7634920634920634,0.7524321675300598,1.0,0.6841840339121722,0.6244975671673366,0.13899449632472682
fusion_rank_confidence_structure,chai,all,680,0.6676470588235294,0.915334939956665,0.9985294117647059,0.6741812664284047,0.6244975671673366,0.04314949165619275
fusion_rank_confidence_structure,protenix,all,687,0.6622998544395924,0.8805158138275146,0.9970887918486172,0.6706706303400384,0.6244975671673366,0.03780228727225576
fusion_rank_confidence_structure_memory,af3,all,697,0.7388809182209469,0.7553877830505371,0.9985652797704447,0.6663423794024945,0.6244975671673366,0.1143833510536103
fusion_rank_confidence_structure_memory,af3_no_template,all,697,0.7589670014347202,0.7478856444358826,0.9956958393113343,0.6664652641409265,0.6244975671673366,0.13446943426738356
fusion_rank_confidence_structure_memory,boltz,all,670,0.6611940298507463,0.9986804723739624,0.9955223880597015,0.6783334080593707,0.6244975671673366,0.03669646268340965
fusion_rank_confidence_structure_memory,boltz1x,all,666,0.6606606606606606,0.9685862064361572,0.9954954954954955,0.6806378204447932,0.6244975671673366,0.03616309349332403
fusion_rank_confidence_structure_memory,boltz2,all,630,0.765079365079365,0.7458240985870361,1.0,0.6841840339121722,0.6244975671673366,0.1405817979120284
fusion_rank_confidence_structure_memory,chai,all,680,0.6676470588235294,0.9130485355854034,0.9955882352941177,0.6741812664284047,0.6244975671673366,0.04314949165619275
fusion_rank_confidence_structure_memory,protenix,all,687,0.6564774381368268,0.8872469067573547,1.0,0.6706706303400384,0.6244975671673366,0.031979870969490176
fusion_rank_confidence_structure_physics,af3,all,697,0.7388809182209469,0.7285666465759277,0.9971305595408895,0.6663423794024945,0.6244975671673366,0.1143833510536103
fusion_rank_confidence_structure_physics,af3_no_template,all,697,0.7546628407460545,0.7353965044021606,0.9971305595408895,0.6664652641409265,0.6244975671673366,0.13016527357871788
fusion_rank_confidence_structure_physics,boltz,all,670,0.6626865671641791,0.9731750190258026,0.9955223880597015,0.6783334080593707,0.6244975671673366,0.03818899999684244
fusion_rank_confidence_structure_physics,boltz1x,all,666,0.6561561561561562,0.965120792388916,0.9954954954954955,0.6806378204447932,0.6244975671673366,0.03165858898881957
fusion_rank_confidence_structure_physics,boltz2,all,630,0.7634920634920634,0.7524321675300598,1.0,0.6841840339121722,0.6244975671673366,0.13899449632472682
fusion_rank_confidence_structure_physics,chai,all,680,0.6676470588235294,0.915334939956665,0.9985294117647059,0.6741812664284047,0.6244975671673366,0.04314949165619275
fusion_rank_confidence_structure_physics,protenix,all,687,0.6622998544395924,0.8805158138275146,0.9970887918486172,0.6706706303400384,0.6244975671673366,0.03780228727225576
fusion_rank_confidence_structure_memory_physics,af3,all,697,0.7388809182209469,0.7553877830505371,0.9985652797704447,0.6663423794024945,0.6244975671673366,0.1143833510536103
fusion_rank_confidence_structure_memory_physics,af3_no_template,all,697,0.7589670014347202,0.7478856444358826,0.9956958393113343,0.6664652641409265,0.6244975671673366,0.13446943426738356
fusion_rank_confidence_structure_memory_physics,boltz,all,670,0.6611940298507463,0.9986804723739624,0.9955223880597015,0.6783334080593707,0.6244975671673366,0.03669646268340965
fusion_rank_confidence_structure_memory_physics,boltz1x,all,666,0.6606606606606606,0.9685862064361572,0.9954954954954955,0.6806378204447932,0.6244975671673366,0.03616309349332403
fusion_rank_confidence_structure_memory_physics,boltz2,all,630,0.765079365079365,0.7458240985870361,1.0,0.6841840339121722,0.6244975671673366,0.1405817979120284
fusion_rank_confidence_structure_memory_physics,chai,all,680,0.6676470588235294,0.9130485355854034,0.9955882352941177,0.6741812664284047,0.6244975671673366,0.04314949165619275
fusion_rank_confidence_structure_memory_physics,protenix,all,687,0.6564774381368268,0.8778951168060303,1.0,0.6706706303400384,0.6244975671673366,0.031979870969490176
fusion_rank_confidence_structure_memory_physics_antimemory,af3,all,697,0.7403156384505022,0.75681471824646,0.9985652797704447,0.6663423794024945,0.6244975671673366,0.11581807128316557
fusion_rank_confidence_structure_memory_physics_antimemory,af3_no_template,all,697,0.757532281205165,0.7491063475608826,0.9956958393113343,0.6664652641409265,0.6244975671673366,0.1330347140378284
fusion_rank_confidence_structure_memory_physics_antimemory,boltz,all,670,0.6582089552238806,0.9917367994785309,0.9940298507462687,0.6783334080593707,0.6244975671673366,0.033711388056543945
fusion_rank_confidence_structure_memory_physics_antimemory,boltz1x,all,666,0.6621621621621622,0.9885734021663666,0.9954954954954955,0.6806378204447932,0.6244975671673366,0.03766459499482555
fusion_rank_confidence_structure_memory_physics_antimemory,boltz2,all,630,0.765079365079365,0.7458240985870361,1.0,0.6841840339121722,0.6244975671673366,0.1405817979120284
fusion_rank_confidence_structure_memory_physics_antimemory,chai,all,680,0.6705882352941176,0.9094507694244385,0.9970588235294118,0.6741812664284047,0.6244975671673366,0.046090668126780976
fusion_rank_confidence_structure_memory_physics_antimemory,protenix,all,687,0.6564774381368268,0.8678462505340576,1.0,0.6706706303400384,0.6244975671673366,0.031979870969490176
official_ranking,af3,high,300,0.9033333333333333,0.330759197473526,0.7633333333333333,0.9572682121790035,0.8885714285714286,0.014761904761904754
official_ranking,af3,low,97,0.18556701030927836,7.8910441398620605,0.32989690721649484,0.2685289496570315,0.13825757575757575,0.04730943455170261
official_ranking,af3,mid,300,0.51,1.9323796033859253,0.65,0.5040428889103519,0.48261076703191996,0.027389232968080046
official_ranking,af3_no_template,high,300,0.9233333333333333,0.34777654707431793,0.72,0.9575537143879607,0.8885714285714286,0.03476190476190477
official_ranking,af3_no_template,low,97,0.17525773195876287,7.625801086425781,0.27835051546391754,0.2685289496570315,0.13825757575757575,0.03700015620118713
official_ranking,af3_no_template,mid,300,0.52,1.7920406460762024,0.6166666666666667,0.5040428889103519,0.48261076703191996,0.037389232968080055
official_ranking,boltz,high,300,0.85,0.5935752093791962,0.5733333333333334,0.9464044066293124,0.8885714285714286,-0.03857142857142859
official_ranking,boltz,low,70,0.08571428571428572,7.857880353927612,0.2571428571428571,0.26989991338778635,0.13825757575757575,-0.05254329004329003
official_ranking,boltz,mid,300,0.48333333333333334,2.0907338857650757,0.49,0.5055635582461321,0.48261076703191996,0.0007225663014133743
official_ranking,boltz1x,high,300,0.85,0.5457308888435364,0.9333333333333333,0.9452008001052491,0.8885714285714286,-0.03857142857142859
official_ranking,boltz1x,low,66,0.06060606060606061,7.1792778968811035,0.8181818181818182,0.27202637287612225,0.13825757575757575,-0.07765151515151514
official_ranking,boltz1x,mid,300,0.5133333333333333,1.9119031429290776,0.93,0.5059693592494448,0.48261076703191996,0.030722566301413345
official_ranking,boltz2,mid,299,0.5418060200668896,1.7600971460342407,1.0,0.549797860716944,0.48261076703191996,0.05919525303496964
official_ranking,boltz2,high,300,0.91,0.43619489669799805,1.0,0.8616660759639482,0.8885714285714286,0.021428571428571463
official_ranking,boltz2,low,31,0.06451612903225806,8.908732414245605,1.0,0.2627922006812176,0.13825757575757575,-0.07374144672531768
official_ranking,chai,high,300,0.8733333333333333,0.4541986435651779,0.8166666666666667,0.9524094216639715,0.8885714285714286,-0.015238095238095273
official_ranking,chai,low,80,0.2125,9.581171989440918,0.5,0.26674635697012333,0.13825757575757575,0.07424242424242425
official_ranking,chai,mid,300,0.41333333333333333,2.505332827568054,0.6066666666666667,0.504602420381713,0.48261076703191996,-0.06927743369858663
official_ranking,protenix,high,300,0.91,0.4405972957611084,0.7333333333333333,0.9543330116269505,0.8885714285714286,0.021428571428571463
official_ranking,protenix,low,87,0.10344827586206896,12.181598663330078,0.39080459770114945,0.2653680882638497,0.13825757575757575,-0.03480929989550678
official_ranking,protenix,mid,300,0.39666666666666667,2.7204418182373047,0.61,0.5045459862552211,0.48261076703191996,-0.0859441003652533
oracle_min_rmsd,af3,high,300,0.9733333333333334,0.26127198338508606,1.0,0.9572682121790035,0.8885714285714286,0.08476190476190482
oracle_min_rmsd,af3,low,97,0.31958762886597936,4.353650093078613,0.9896907216494846,0.2685289496570315,0.13825757575757575,0.1813300531084036
oracle_min_rmsd,af3,mid,300,0.6766666666666666,1.149610698223114,0.9866666666666667,0.5040428889103519,0.48261076703191996,0.19405589963474668
oracle_min_rmsd,af3_no_template,high,300,0.9833333333333333,0.2537378519773483,1.0,0.9575537143879607,0.8885714285714286,0.09476190476190471
oracle_min_rmsd,af3_no_template,low,97,0.28865979381443296,4.001913070678711,0.9896907216494846,0.2685289496570315,0.13825757575757575,0.15040221805685722
oracle_min_rmsd,af3_no_template,mid,300,0.7033333333333334,1.0336121320724487,0.98,0.5040428889103519,0.48261076703191996,0.2207225663014134
oracle_min_rmsd,boltz,high,300,0.9,0.48099832236766815,0.9866666666666667,0.9464044066293124,0.8885714285714286,0.011428571428571455
oracle_min_rmsd,boltz,low,70,0.15714285714285714,5.111085891723633,0.9714285714285714,0.26989991338778635,0.13825757575757575,0.018885281385281394
oracle_min_rmsd,boltz,mid,300,0.5866666666666667,1.5168759226799011,0.9733333333333334,0.5055635582461321,0.48261076703191996,0.1040558996347467
oracle_min_rmsd,boltz1x,high,300,0.8833333333333333,0.46192237734794617,1.0,0.9452008001052491,0.8885714285714286,-0.005238095238095264
oracle_min_rmsd,boltz1x,low,66,0.15151515151515152,5.1327009201049805,0.9696969696969697,0.27202637287612225,0.13825757575757575,0.013257575757575774
oracle_min_rmsd,boltz1x,mid,300,0.5833333333333334,1.4925705790519714,0.9833333333333333,0.5059693592494448,0.48261076703191996,0.10072256630141341
oracle_min_rmsd,boltz2,mid,299,0.6454849498327759,1.2372722625732422,1.0,0.549797860716944,0.48261076703191996,0.16287418280085597
oracle_min_rmsd,boltz2,high,300,0.9466666666666667,0.3540731966495514,1.0,0.8616660759639482,0.8885714285714286,0.05809523809523809
oracle_min_rmsd,boltz2,low,31,0.1935483870967742,3.8177645206451416,1.0,0.2627922006812176,0.13825757575757575,0.05529081133919844
oracle_min_rmsd,chai,high,300,0.93,0.2949099838733673,0.9933333333333333,0.9524094216639715,0.8885714285714286,0.04142857142857148
oracle_min_rmsd,chai,low,80,0.2625,6.158359527587891,0.9875,0.26674635697012333,0.13825757575757575,0.12424242424242427
oracle_min_rmsd,chai,mid,300,0.54,1.6799092292785645,0.9833333333333333,0.504602420381713,0.48261076703191996,0.05738923296808007
oracle_min_rmsd,protenix,high,300,0.96,0.32111589610576624,0.9966666666666667,0.9543330116269505,0.8885714285714286,0.0714285714285714
oracle_min_rmsd,protenix,low,87,0.1724137931034483,7.985792636871338,0.9885057471264368,0.2653680882638497,0.13825757575757575,0.03415621734587254
oracle_min_rmsd,protenix,mid,300,0.5366666666666666,1.7848669290542603,0.9866666666666667,0.5045459862552211,0.48261076703191996,0.05405589963474666
nested_pair_rank_structure_antimemory_low_success,af3,mid,300,0.5266666666666666,1.7901875972747803,0.6933333333333334,0.5040428889103519,0.48261076703191996,0.044055899634746654
nested_pair_rank_structure_antimemory_low_success,af3,high,300,0.93,0.33224132657051086,0.8,0.9572682121790035,0.8885714285714286,0.04142857142857148
nested_pair_rank_structure_antimemory_low_success,af3,low,97,0.20618556701030927,7.197169780731201,0.3917525773195876,0.2685289496570315,0.13825757575757575,0.06792799125273352
nested_pair_rank_structure_antimemory_low_success,af3_no_template,high,300,0.92,0.3469553589820862,0.75,0.9575537143879607,0.8885714285714286,0.03142857142857147
nested_pair_rank_structure_antimemory_low_success,af3_no_template,mid,300,0.5366666666666666,1.7465534210205078,0.6733333333333333,0.5040428889103516,0.48261076703191996,0.05405589963474666
nested_pair_rank_structure_antimemory_low_success,af3_no_template,low,97,0.1958762886597938,7.625801086425781,0.31958762886597936,0.26852894965703145,0.13825757575757575,0.05761871290221807
nested_pair_rank_structure_antimemory_low_success,boltz,mid,300,0.49333333333333335,2.041030168533325,0.5466666666666666,0.5055635582461321,0.48261076703191996,0.010722566301413383
nested_pair_rank_structure_antimemory_low_success,boltz,high,300,0.8466666666666667,0.5935752093791962,0.6,0.9464044066293127,0.8885714285714286,-0.04190476190476189
nested_pair_rank_structure_antimemory_low_success,boltz,low,70,0.08571428571428572,7.857880353927612,0.2714285714285714,0.26989991338778635,0.13825757575757575,-0.05254329004329003
nested_pair_rank_structure_antimemory_low_success,boltz1x,high,300,0.8466666666666667,0.5503106117248535,0.9333333333333333,0.9452008001052491,0.8885714285714286,-0.04190476190476189
nested_pair_rank_structure_antimemory_low_success,boltz1x,mid,300,0.5066666666666667,1.9689433574676514,0.93,0.5059693592494448,0.48261076703191996,0.024055899634746747
nested_pair_rank_structure_antimemory_low_success,boltz1x,low,66,0.06060606060606061,7.1792778968811035,0.8333333333333334,0.27202637287612225,0.13825757575757575,-0.07765151515151514
nested_pair_rank_structure_antimemory_low_success,boltz2,mid,299,0.5451505016722408,1.718833088874817,1.0,0.549797860716944,0.48261076703191996,0.06253973464032081
nested_pair_rank_structure_antimemory_low_success,boltz2,high,300,0.9133333333333333,0.43619489669799805,1.0,0.8616660759639484,0.8885714285714286,0.024761904761904763
nested_pair_rank_structure_antimemory_low_success,boltz2,low,31,0.0967741935483871,9.546725273132324,1.0,0.2627922006812176,0.13825757575757575,-0.04148338220918865
nested_pair_rank_structure_antimemory_low_success,chai,mid,300,0.41,2.578707695007324,0.6433333333333333,0.504602420381713,0.48261076703191996,-0.07261076703191999
nested_pair_rank_structure_antimemory_low_success,chai,high,300,0.87,0.4435358196496963,0.8366666666666667,0.9524094216639715,0.8885714285714286,-0.018571428571428572
nested_pair_rank_structure_antimemory_low_success,chai,low,80,0.2125,9.581171989440918,0.5125,0.26674635697012333,0.13825757575757575,0.07424242424242425
nested_pair_rank_structure_antimemory_low_success,protenix,mid,300,0.4,2.76643705368042,0.6466666666666666,0.5045459862552211,0.48261076703191996,-0.08261076703191994
nested_pair_rank_structure_antimemory_low_success,protenix,high,300,0.9166666666666666,0.4440109133720398,0.74,0.9543330116269506,0.8885714285714286,0.028095238095238062
nested_pair_rank_structure_antimemory_low_success,protenix,low,87,0.12643678160919541,12.757115364074709,0.47126436781609193,0.2653680882638497,0.13825757575757575,-0.011820794148380331
fusion_rank_confidence,af3,high,300,0.9666666666666667,0.3159688115119934,1.0,0.9572682121790035,0.8885714285714286,0.0780952380952381
fusion_rank_confidence,af3,low,97,0.28865979381443296,7.027091503143311,1.0,0.2685289496570315,0.13825757575757575,0.15040221805685722
fusion_rank_confidence,af3,mid,300,0.6466666666666666,1.2767794728279114,0.9966666666666667,0.5040428889103519,0.48261076703191996,0.16405589963474665
fusion_rank_confidence,af3_no_template,high,300,0.9766666666666667,0.3111069947481155,1.0,0.9575537143879607,0.8885714285714286,0.08809523809523812
fusion_rank_confidence,af3_no_template,low,97,0.28865979381443296,7.779166221618652,0.979381443298969,0.2685289496570315,0.13825757575757575,0.15040221805685722
fusion_rank_confidence,af3_no_template,mid,300,0.6866666666666666,1.1621026992797852,0.9933333333333333,0.5040428889103519,0.48261076703191996,0.20405589963474668
fusion_rank_confidence,boltz,high,300,0.8833333333333333,0.5486553013324738,0.9933333333333333,0.9464044066293124,0.8885714285714286,-0.005238095238095264
fusion_rank_confidence,boltz,low,70,0.11428571428571428,7.398408889770508,0.9857142857142858,0.26989991338778635,0.13825757575757575,-0.023971861471861464
fusion_rank_confidence,boltz,mid,300,0.5533333333333333,1.749832808971405,0.9866666666666667,0.5055635582461321,0.48261076703191996,0.07072256630141338
fusion_rank_confidence,boltz1x,high,300,0.87,0.5253274440765381,1.0,0.9452008001052491,0.8885714285714286,-0.018571428571428572
fusion_rank_confidence,boltz1x,low,66,0.15151515151515152,7.4459006786346436,0.9848484848484849,0.27202637287612225,0.13825757575757575,0.013257575757575774
fusion_rank_confidence,boltz1x,mid,300,0.56,1.558794915676117,0.9933333333333333,0.5059693592494448,0.48261076703191996,0.07738923296808009
fusion_rank_confidence,boltz2,mid,299,0.6421404682274248,1.2982395887374878,1.0,0.549797860716944,0.48261076703191996,0.1595297011955048
fusion_rank_confidence,boltz2,high,300,0.94,0.41182751953601837,1.0,0.8616660759639482,0.8885714285714286,0.05142857142857138
fusion_rank_confidence,boltz2,low,31,0.16129032258064516,7.965439796447754,1.0,0.2627922006812176,0.13825757575757575,0.02303274682306941
fusion_rank_confidence,chai,high,300,0.9166666666666666,0.3616082519292831,1.0,0.9524094216639715,0.8885714285714286,0.028095238095238062
fusion_rank_confidence,chai,low,80,0.2625,8.144830226898193,1.0,0.26674635697012333,0.13825757575757575,0.12424242424242427
fusion_rank_confidence,chai,mid,300,0.53,1.7852389216423035,0.9966666666666667,0.504602420381713,0.48261076703191996,0.047389232968080064
fusion_rank_confidence,protenix,high,300,0.96,0.38148531317710876,1.0,0.9543330116269505,0.8885714285714286,0.0714285714285714
fusion_rank_confidence,protenix,low,87,0.16091954022988506,11.33940601348877,1.0,0.2653680882638497,0.13825757575757575,0.02266196447230931
fusion_rank_confidence,protenix,mid,300,0.52,1.804938793182373,0.9966666666666667,0.5045459862552211,0.48261076703191996,0.037389232968080055
fusion_rank_confidence_structure,af3,high,300,0.97,0.3159688115119934,1.0,0.9572682121790035,0.8885714285714286,0.0814285714285714
fusion_rank_confidence_structure,af3,low,97,0.27835051546391754,6.879406452178955,1.0,0.2685289496570315,0.13825757575757575,0.1400929397063418
fusion_rank_confidence_structure,af3,mid,300,0.6566666666666666,1.2406830787658691,0.9933333333333333,0.5040428889103519,0.48261076703191996,0.17405589963474666
fusion_rank_confidence_structure,af3_no_template,high,300,0.9833333333333333,0.3134203255176544,1.0,0.9575537143879607,0.8885714285714286,0.09476190476190471
fusion_rank_confidence_structure,af3_no_template,low,97,0.28865979381443296,6.834600448608398,0.9896907216494846,0.2685289496570315,0.13825757575757575,0.15040221805685722
fusion_rank_confidence_structure,af3_no_template,mid,300,0.6766666666666666,1.1490466594696045,0.9966666666666667,0.5040428889103519,0.48261076703191996,0.19405589963474668
fusion_rank_confidence_structure,boltz,high,300,0.8866666666666667,0.5727008879184723,1.0,0.9464044066293124,0.8885714285714286,-0.0019047619047618536
fusion_rank_confidence_structure,boltz,low,70,0.11428571428571428,7.456838607788086,1.0,0.26989991338778635,0.13825757575757575,-0.023971861471861464
fusion_rank_confidence_structure,boltz,mid,300,0.5666666666666667,1.7247881889343262,0.99,0.5055635582461321,0.48261076703191996,0.08405589963474669
fusion_rank_confidence_structure,boltz1x,high,300,0.8666666666666667,0.5387654900550842,1.0,0.9452008001052491,0.8885714285714286,-0.02190476190476187
fusion_rank_confidence_structure,boltz1x,low,66,0.15151515151515152,7.321944713592529,0.9848484848484849,0.27202637287612225,0.13825757575757575,0.013257575757575774
fusion_rank_confidence_structure,boltz1x,mid,300,0.5566666666666666,1.557335615158081,0.9933333333333333,0.5059693592494448,0.48261076703191996,0.07405589963474668
fusion_rank_confidence_structure,boltz2,mid,299,0.6421404682274248,1.2837179899215698,1.0,0.549797860716944,0.48261076703191996,0.1595297011955048
fusion_rank_confidence_structure,boltz2,high,300,0.9433333333333334,0.41687552630901337,1.0,0.8616660759639482,0.8885714285714286,0.05476190476190479
fusion_rank_confidence_structure,boltz2,low,31,0.1935483870967742,7.288583755493164,1.0,0.2627922006812176,0.13825757575757575,0.05529081133919844
fusion_rank_confidence_structure,chai,high,300,0.9166666666666666,0.3716883361339569,1.0,0.9524094216639715,0.8885714285714286,0.028095238095238062
fusion_rank_confidence_structure,chai,low,80,0.2625,8.629898071289062,1.0,0.26674635697012333,0.13825757575757575,0.12424242424242427
fusion_rank_confidence_structure,chai,mid,300,0.5266666666666666,1.792631983757019,0.9966666666666667,0.504602420381713,0.48261076703191996,0.044055899634746654
fusion_rank_confidence_structure,protenix,high,300,0.9566666666666667,0.39585354924201965,1.0,0.9543330116269505,0.8885714285714286,0.0680952380952381
fusion_rank_confidence_structure,protenix,low,87,0.1724137931034483,9.926307678222656,1.0,0.2653680882638497,0.13825757575757575,0.03415621734587254
fusion_rank_confidence_structure,protenix,mid,300,0.51,1.8663210868835454,0.9933333333333333,0.5045459862552211,0.48261076703191996,0.027389232968080046
fusion_rank_confidence_structure_memory,af3,high,300,0.97,0.31697946786880493,1.0,0.9572682121790035,0.8885714285714286,0.0814285714285714
fusion_rank_confidence_structure_memory,af3,low,97,0.27835051546391754,6.81168794631958,1.0,0.2685289496570315,0.13825757575757575,0.1400929397063418
fusion_rank_confidence_structure_memory,af3,mid,300,0.6566666666666666,1.2661830186843872,0.9966666666666667,0.5040428889103519,0.48261076703191996,0.17405589963474666
fusion_rank_confidence_structure_memory,af3_no_template,high,300,0.9833333333333333,0.31363025307655334,1.0,0.9575537143879607,0.8885714285714286,0.09476190476190471
fusion_rank_confidence_structure_memory,af3_no_template,low,97,0.28865979381443296,6.655704498291016,0.9896907216494846,0.2685289496570315,0.13825757575757575,0.15040221805685722
fusion_rank_confidence_structure_memory,af3_no_template,mid,300,0.6866666666666666,1.142999291419983,0.9933333333333333,0.5040428889103519,0.48261076703191996,0.20405589963474668
fusion_rank_confidence_structure_memory,boltz,high,300,0.8833333333333333,0.5750333666801453,0.9966666666666667,0.9464044066293124,0.8885714285714286,-0.005238095238095264
fusion_rank_confidence_structure_memory,boltz,low,70,0.12857142857142856,7.813098669052124,1.0,0.26989991338778635,0.13825757575757575,-0.009686147186147187
fusion_rank_confidence_structure_memory,boltz,mid,300,0.5633333333333334,1.6856846809387207,0.9933333333333333,0.5055635582461321,0.48261076703191996,0.08072256630141339
fusion_rank_confidence_structure_memory,boltz1x,high,300,0.8733333333333333,0.5387654900550842,1.0,0.9452008001052491,0.8885714285714286,-0.015238095238095273
fusion_rank_confidence_structure_memory,boltz1x,low,66,0.15151515151515152,7.321944713592529,0.9848484848484849,0.27202637287612225,0.13825757575757575,0.013257575757575774
fusion_rank_confidence_structure_memory,boltz1x,mid,300,0.56,1.558794915676117,0.9933333333333333,0.5059693592494448,0.48261076703191996,0.07738923296808009
fusion_rank_confidence_structure_memory,boltz2,mid,299,0.6421404682274248,1.2745637893676758,1.0,0.549797860716944,0.48261076703191996,0.1595297011955048
fusion_rank_confidence_structure_memory,boltz2,high,300,0.9466666666666667,0.41389551758766174,1.0,0.8616660759639482,0.8885714285714286,0.05809523809523809
fusion_rank_confidence_structure_memory,boltz2,low,31,0.1935483870967742,7.152336597442627,1.0,0.2627922006812176,0.13825757575757575,0.05529081133919844
fusion_rank_confidence_structure_memory,chai,high,300,0.9166666666666666,0.37762948870658875,0.9966666666666667,0.9524094216639715,0.8885714285714286,0.028095238095238062
fusion_rank_confidence_structure_memory,chai,low,80,0.2625,8.629898071289062,1.0,0.26674635697012333,0.13825757575757575,0.12424242424242427
fusion_rank_confidence_structure_memory,chai,mid,300,0.5266666666666666,1.8059784173965459,0.9933333333333333,0.504602420381713,0.48261076703191996,0.044055899634746654
fusion_rank_confidence_structure_memory,protenix,high,300,0.9533333333333334,0.39703597128391266,1.0,0.9543330116269505,0.8885714285714286,0.0647619047619048
fusion_rank_confidence_structure_memory,protenix,low,87,0.16091954022988506,11.27414894104004,1.0,0.2653680882638497,0.13825757575757575,0.02266196447230931
fusion_rank_confidence_structure_memory,protenix,mid,300,0.5033333333333333,1.8862020969390874,1.0,0.5045459862552211,0.48261076703191996,0.020722566301413337
fusion_rank_confidence_structure_physics,af3,high,300,0.97,0.3159688115119934,1.0,0.9572682121790035,0.8885714285714286,0.0814285714285714
fusion_rank_confidence_structure_physics,af3,low,97,0.27835051546391754,6.879406452178955,1.0,0.2685289496570315,0.13825757575757575,0.1400929397063418
fusion_rank_confidence_structure_physics,af3,mid,300,0.6566666666666666,1.2406830787658691,0.9933333333333333,0.5040428889103519,0.48261076703191996,0.17405589963474666
fusion_rank_confidence_structure_physics,af3_no_template,high,300,0.9833333333333333,0.3134203255176544,1.0,0.9575537143879607,0.8885714285714286,0.09476190476190471
fusion_rank_confidence_structure_physics,af3_no_template,low,97,0.28865979381443296,6.834600448608398,0.9896907216494846,0.2685289496570315,0.13825757575757575,0.15040221805685722
fusion_rank_confidence_structure_physics,af3_no_template,mid,300,0.6766666666666666,1.1490466594696045,0.9966666666666667,0.5040428889103519,0.48261076703191996,0.19405589963474668
fusion_rank_confidence_structure_physics,boltz,high,300,0.8866666666666667,0.5727008879184723,1.0,0.9464044066293124,0.8885714285714286,-0.0019047619047618536
fusion_rank_confidence_structure_physics,boltz,low,70,0.11428571428571428,7.456838607788086,1.0,0.26989991338778635,0.13825757575757575,-0.023971861471861464
fusion_rank_confidence_structure_physics,boltz,mid,300,0.5666666666666667,1.7247881889343262,0.99,0.5055635582461321,0.48261076703191996,0.08405589963474669
fusion_rank_confidence_structure_physics,boltz1x,high,300,0.8666666666666667,0.5387654900550842,1.0,0.9452008001052491,0.8885714285714286,-0.02190476190476187
fusion_rank_confidence_structure_physics,boltz1x,low,66,0.15151515151515152,7.321944713592529,0.9848484848484849,0.27202637287612225,0.13825757575757575,0.013257575757575774
fusion_rank_confidence_structure_physics,boltz1x,mid,300,0.5566666666666666,1.557335615158081,0.9933333333333333,0.5059693592494448,0.48261076703191996,0.07405589963474668
fusion_rank_confidence_structure_physics,boltz2,mid,299,0.6421404682274248,1.2837179899215698,1.0,0.549797860716944,0.48261076703191996,0.1595297011955048
fusion_rank_confidence_structure_physics,boltz2,high,300,0.9433333333333334,0.41687552630901337,1.0,0.8616660759639482,0.8885714285714286,0.05476190476190479
fusion_rank_confidence_structure_physics,boltz2,low,31,0.1935483870967742,7.288583755493164,1.0,0.2627922006812176,0.13825757575757575,0.05529081133919844
fusion_rank_confidence_structure_physics,chai,high,300,0.9166666666666666,0.3716883361339569,1.0,0.9524094216639715,0.8885714285714286,0.028095238095238062
fusion_rank_confidence_structure_physics,chai,low,80,0.2625,8.629898071289062,1.0,0.26674635697012333,0.13825757575757575,0.12424242424242427
fusion_rank_confidence_structure_physics,chai,mid,300,0.5266666666666666,1.792631983757019,0.9966666666666667,0.504602420381713,0.48261076703191996,0.044055899634746654
fusion_rank_confidence_structure_physics,protenix,high,300,0.9566666666666667,0.39585354924201965,1.0,0.9543330116269505,0.8885714285714286,0.0680952380952381
fusion_rank_confidence_structure_physics,protenix,low,87,0.1724137931034483,9.926307678222656,1.0,0.2653680882638497,0.13825757575757575,0.03415621734587254
fusion_rank_confidence_structure_physics,protenix,mid,300,0.51,1.8663210868835454,0.9933333333333333,0.5045459862552211,0.48261076703191996,0.027389232968080046
fusion_rank_confidence_structure_memory_physics,af3,high,300,0.97,0.31697946786880493,1.0,0.9572682121790035,0.8885714285714286,0.0814285714285714
fusion_rank_confidence_structure_memory_physics,af3,low,97,0.27835051546391754,6.81168794631958,1.0,0.2685289496570315,0.13825757575757575,0.1400929397063418
fusion_rank_confidence_structure_memory_physics,af3,mid,300,0.6566666666666666,1.2661830186843872,0.9966666666666667,0.5040428889103519,0.48261076703191996,0.17405589963474666
fusion_rank_confidence_structure_memory_physics,af3_no_template,high,300,0.9833333333333333,0.31363025307655334,1.0,0.9575537143879607,0.8885714285714286,0.09476190476190471
fusion_rank_confidence_structure_memory_physics,af3_no_template,low,97,0.28865979381443296,6.655704498291016,0.9896907216494846,0.2685289496570315,0.13825757575757575,0.15040221805685722
fusion_rank_confidence_structure_memory_physics,af3_no_template,mid,300,0.6866666666666666,1.142999291419983,0.9933333333333333,0.5040428889103519,0.48261076703191996,0.20405589963474668
fusion_rank_confidence_structure_memory_physics,boltz,high,300,0.8833333333333333,0.5750333666801453,0.9966666666666667,0.9464044066293124,0.8885714285714286,-0.005238095238095264
fusion_rank_confidence_structure_memory_physics,boltz,low,70,0.12857142857142856,7.813098669052124,1.0,0.26989991338778635,0.13825757575757575,-0.009686147186147187
fusion_rank_confidence_structure_memory_physics,boltz,mid,300,0.5633333333333334,1.6856846809387207,0.9933333333333333,0.5055635582461321,0.48261076703191996,0.08072256630141339
fusion_rank_confidence_structure_memory_physics,boltz1x,high,300,0.8733333333333333,0.5387654900550842,1.0,0.9452008001052491,0.8885714285714286,-0.015238095238095273
fusion_rank_confidence_structure_memory_physics,boltz1x,low,66,0.15151515151515152,7.321944713592529,0.9848484848484849,0.27202637287612225,0.13825757575757575,0.013257575757575774
fusion_rank_confidence_structure_memory_physics,boltz1x,mid,300,0.56,1.558794915676117,0.9933333333333333,0.5059693592494448,0.48261076703191996,0.07738923296808009
fusion_rank_confidence_structure_memory_physics,boltz2,mid,299,0.6421404682274248,1.2769099473953247,1.0,0.549797860716944,0.48261076703191996,0.1595297011955048
fusion_rank_confidence_structure_memory_physics,boltz2,high,300,0.9466666666666667,0.41389551758766174,1.0,0.8616660759639482,0.8885714285714286,0.05809523809523809
fusion_rank_confidence_structure_memory_physics,boltz2,low,31,0.1935483870967742,7.152336597442627,1.0,0.2627922006812176,0.13825757575757575,0.05529081133919844
fusion_rank_confidence_structure_memory_physics,chai,high,300,0.9166666666666666,0.37762948870658875,0.9966666666666667,0.9524094216639715,0.8885714285714286,0.028095238095238062
fusion_rank_confidence_structure_memory_physics,chai,low,80,0.2625,8.629898071289062,1.0,0.26674635697012333,0.13825757575757575,0.12424242424242427
fusion_rank_confidence_structure_memory_physics,chai,mid,300,0.5266666666666666,1.8059784173965459,0.9933333333333333,0.504602420381713,0.48261076703191996,0.044055899634746654
fusion_rank_confidence_structure_memory_physics,protenix,high,300,0.9533333333333334,0.39703597128391266,1.0,0.9543330116269505,0.8885714285714286,0.0647619047619048
fusion_rank_confidence_structure_memory_physics,protenix,low,87,0.16091954022988506,11.27414894104004,1.0,0.2653680882638497,0.13825757575757575,0.02266196447230931
fusion_rank_confidence_structure_memory_physics,protenix,mid,300,0.5033333333333333,1.8862020969390874,1.0,0.5045459862552211,0.48261076703191996,0.020722566301413337
fusion_rank_confidence_structure_memory_physics_antimemory,af3,high,300,0.97,0.3159688115119934,1.0,0.9572682121790035,0.8885714285714286,0.0814285714285714
fusion_rank_confidence_structure_memory_physics_antimemory,af3,low,97,0.27835051546391754,6.81168794631958,1.0,0.2685289496570315,0.13825757575757575,0.1400929397063418
fusion_rank_confidence_structure_memory_physics_antimemory,af3,mid,300,0.66,1.2494157552719116,0.9966666666666667,0.5040428889103519,0.48261076703191996,0.17738923296808007
fusion_rank_confidence_structure_memory_physics_antimemory,af3_no_template,high,300,0.9833333333333333,0.31157746911048884,1.0,0.9575537143879607,0.8885714285714286,0.09476190476190471
fusion_rank_confidence_structure_memory_physics_antimemory,af3_no_template,low,97,0.28865979381443296,6.751000881195068,0.9896907216494846,0.2685289496570315,0.13825757575757575,0.15040221805685722
fusion_rank_confidence_structure_memory_physics_antimemory,af3_no_template,mid,300,0.6833333333333333,1.1350082755088806,0.9933333333333333,0.5040428889103519,0.48261076703191996,0.20072256630141339
fusion_rank_confidence_structure_memory_physics_antimemory,boltz,high,300,0.8866666666666667,0.5777517259120941,0.9966666666666667,0.9464044066293124,0.8885714285714286,-0.0019047619047618536
fusion_rank_confidence_structure_memory_physics_antimemory,boltz,low,70,0.12857142857142856,8.072201013565063,1.0,0.26989991338778635,0.13825757575757575,-0.009686147186147187
fusion_rank_confidence_structure_memory_physics_antimemory,boltz,mid,300,0.5533333333333333,1.6660823822021484,0.99,0.5055635582461321,0.48261076703191996,0.07072256630141338
fusion_rank_confidence_structure_memory_physics_antimemory,boltz1x,high,300,0.8733333333333333,0.5411861538887024,1.0,0.9452008001052491,0.8885714285714286,-0.015238095238095273
fusion_rank_confidence_structure_memory_physics_antimemory,boltz1x,low,66,0.15151515151515152,7.321944713592529,0.9848484848484849,0.27202637287612225,0.13825757575757575,0.013257575757575774
fusion_rank_confidence_structure_memory_physics_antimemory,boltz1x,mid,300,0.5633333333333334,1.557335615158081,0.9933333333333333,0.5059693592494448,0.48261076703191996,0.08072256630141339
fusion_rank_confidence_structure_memory_physics_antimemory,boltz2,mid,299,0.6454849498327759,1.2716069221496582,1.0,0.549797860716944,0.48261076703191996,0.16287418280085597
fusion_rank_confidence_structure_memory_physics_antimemory,boltz2,high,300,0.9433333333333334,0.41389551758766174,1.0,0.8616660759639482,0.8885714285714286,0.05476190476190479
fusion_rank_confidence_structure_memory_physics_antimemory,boltz2,low,31,0.1935483870967742,7.152336597442627,1.0,0.2627922006812176,0.13825757575757575,0.05529081133919844
fusion_rank_confidence_structure_memory_physics_antimemory,chai,high,300,0.92,0.3716883361339569,0.9966666666666667,0.9524094216639715,0.8885714285714286,0.03142857142857147
fusion_rank_confidence_structure_memory_physics_antimemory,chai,low,80,0.2625,8.629898071289062,1.0,0.26674635697012333,0.13825757575757575,0.12424242424242427
fusion_rank_confidence_structure_memory_physics_antimemory,chai,mid,300,0.53,1.790339171886444,0.9966666666666667,0.504602420381713,0.48261076703191996,0.047389232968080064
fusion_rank_confidence_structure_memory_physics_antimemory,protenix,high,300,0.95,0.3969767987728119,1.0,0.9543330116269505,0.8885714285714286,0.06142857142857139
fusion_rank_confidence_structure_memory_physics_antimemory,protenix,low,87,0.16091954022988506,11.27414894104004,1.0,0.2653680882638497,0.13825757575757575,0.02266196447230931
fusion_rank_confidence_structure_memory_physics_antimemory,protenix,mid,300,0.5066666666666667,1.8512448072433474,1.0,0.5045459862552211,0.48261076703191996,0.024055899634746747
