relative_path,bytes,sha256
results/tables/case_audit/case_chemical_audit_all7_perbin300_clean.csv,435975,de04422732ef6f39a7b2a62e2bd709ba1c47652f9495136a24122d0c0e79625c
results/tables/case_audit/case_chemical_audit_method_summary_all7_perbin300_clean.csv,650,279aaef52e1e76d8d9f4595ce7825424b1f76c2c3847b7a53af70fe241d692b0
results/tables/case_audit/case_chemical_audit_summary_all7_perbin300_clean.csv,491,d99498601a1fb5235f6f0e1b263c3c8724aba712710394a57aad818b30e4b5e4
results/tables/case_audit/case_chemical_audit_top_cases_all7_perbin300_clean.csv,7231,cb9dc504553d60f19a3a6c2f46acc82c0a6e86e37c75f773e1e47b06d732f730
results/tables/case_taxonomy/case_figure_contact_sheet_selection_all7_perbin300_clean.csv,3438,93eb6eeb28b286a453f7671ba179e880c1f961640df63c70756ef01e6b5772b5
results/tables/case_taxonomy/case_figure_contact_sheet_selection_all7_perbin300_clean.md,1494,781cb45bda3f5224a83409182517e745cfd292b6406326561388b03b6bc65927
results/tables/case_taxonomy/case_figure_readiness_all7_perbin300_clean.csv,3201,e9fa72ef481aad0dbd885de3b662ac523dd24b67b209b3270a65b27f5803a679
results/tables/case_taxonomy/case_figure_readiness_all7_perbin300_clean.md,3511,de0e8fe9c7f92666a52fe6a4bfedad0f8076374bb1ea19927d9b6656a04d6f99
results/tables/case_taxonomy/main_case_taxonomy_all7_perbin300_clean.csv,7441,faf2edf9f1d2c6d03658d5af8971e2b5a5f8faa0cebb60ea6f44c94ca82e2c8f
results/tables/case_taxonomy/main_case_taxonomy_summary_all7_perbin300_clean.csv,962,4eebca294e5b8ece11887e76708a9da03c9a470aec48a3bb71972c19ee378d7e
results/tables/calibration_bound/calibration_bound_posebench_public_pool.csv,16112,e2efa76cbf5c10ac9a2f54f5a0d46d1f1dc926132cec3033ec9f8d64fd8845de
results/tables/calibration_bound/calibration_bound_posebench_thresholds.csv,10782,a97b9954c9f6324e35e25d1aba97698f3d21a98ee9f394fa5da6e0a4435b6774
results/tables/calibration_bound/calibration_bound_risk_control_by_similarity_all7_perbin300_clean.csv,13733,2368cb921e6562e9b170ce9664ccc344b22d4c1efbbd8b6852ea67d47110cc5d
results/tables/calibration_bound/calibration_bound_risk_control_summary_all7_perbin300_clean.csv,4575,d0bd0c5bb815083ada03e84705dd9921bb44c95e8f505096b39d89af6066d659
results/tables/calibration_bound/calibration_bound_risk_control_thresholds_all7_perbin300_clean.csv,21740,ea127d93a3ce3717f6932913788057cf5f04902d46c1cdc9f1e44e6ba19c9e6e
results/tables/evidence_fusion/evidence_fusion_candidate_predictions_all7_perbin300_clean.csv,185917022,7984871c91809edd589ff6a135c1ec9f1d874af6085a58a91fc96fd302dfa09e
results/tables/evidence_fusion/evidence_fusion_cv_metrics_all7_perbin300_clean.csv,947,dfbbeee95390bf4a4ac8f64c6e42e41d7ce58d9667685098cc7ae3371715c8fd
results/tables/evidence_fusion/evidence_fusion_paired_stats_all7_perbin300_clean.csv,14274,617b0c729305783676a05df28f64e8fdbf285baa7df7cb32ee37f4cfb279150a
results/tables/evidence_fusion/evidence_fusion_selection_summary_all7_perbin300_clean.csv,46280,ebcda1d7b7359fe5a3844fb43f5a496534599fb783192e2a504735e29442e8a0
results/tables/evidence_fusion/evidence_fusion_selections_all7_perbin300_clean.csv,51623239,07e71ed88a24b51907bea384122740ffaf2675f0f03f64c8b868f8fb54f00150
results/tables/gap_closure/component_ablation_all7_perbin300_clean.csv,6327,97a26c1dd72cc4953896854a006799cd4f1cb38a131fc6752b12b0862df6479e
results/tables/gap_closure/failure_attribution_feature_summary_all7_perbin300_clean.csv,1012,245b198fc12d2ac676d8fa5594bc28a9eb94f0c414e859749fcbdb87779e7ba3
results/tables/gap_closure/failure_attribution_group_folds_all7_perbin300_clean.csv,1866,fae7f560fc2a40ebe20cb1686244147ed3f2318faec8750ca8a1374a0f11e665
results/tables/gap_closure/failure_attribution_group_summary_all7_perbin300_clean.csv,417,e5be02a66638db6e25e40765e9575ba3088df0bd42f711a2c5e6a8140dd9f3ea
results/tables/gap_closure/failure_detector_metrics_all7_perbin300_clean.csv,4784,5a405e64b585bfd9ace4f24179aceac1057350926b5138a49f218372a4d197a1
results/tables/gap_closure/failure_detector_predictions_all7_perbin300_clean.csv,43773051,c82addd84941bc33f20c1fe71dfb98148a2db7bdeca306d6b1979aa2df98ccb9
results/tables/gap_closure/joint_ood_failure_detector_all7_perbin300_clean.csv,2682,fa5622ecd8351a27b5af13568ddcfb3de59a8fc6a6be329dea041cbf0667aa1e
results/tables/gap_closure/joint_ood_failure_predictions_all7_perbin300_clean.csv,1444420,6c917fb4151d2d0eae63de3cbb9633444f397e5df2dd8b947ba9c0db876b3f69
results/tables/gap_closure/joint_ood_stress_labels_all7_perbin300_clean.csv,352682,5337bfceac98094ccc1d55ff54789d5ffd0ee4ac641d462df2d2b3cbc6e8050d
results/tables/gap_closure/reference_neighborhood_slope_after_selection_all7_perbin300_clean.csv,964,812bd3409177eb7216592c179c03c5821e8731c555837f3d745a0652d6e69304
results/tables/gap_closure/method_heldout_failure_detector_all7_perbin300_clean.csv,4535,65f1c8d9679488e911ba8db68faf63f9898581da15feb2358176ff7d763ad8c8
results/tables/gap_closure/method_heldout_failure_predictions_all7_perbin300_clean.csv,2867730,78f69f94428841f873788c89429841a0ce60b2ae361c85c034326a113d98a99a
results/tables/gap_closure/nested_pairwise_rescue_paired_stats_all7_perbin300_clean.csv,1707,74d21c84deb7388ecdb7c398c4eb09473133270793de2694cea9a34ca1521f96
results/tables/gap_closure/nested_pairwise_rescue_summary_all7_perbin300_clean.csv,20897,14c48fb1c02e27e7d0fef0db71a631debda4b8b84f9a029ac6ce29b315e43f77
results/tables/gap_closure/nested_pairwise_rescue_thresholds_all7_perbin300_clean.csv,18335,61e465e1eda133ec0e671d5ec6eeaa0c186f88fab524ff9f93fe806fc8004eac
results/tables/gap_closure/paired_rescue_stats_all7_perbin300_clean.csv,2139,c21d5a3116c7f3117bd6c36d60f566d047f676b16713296b3863d3467b1ba4c8
results/tables/gap_closure/rule_based_filter_baselines_paired_stats_all7_perbin300_clean.csv,3526,a06f3acad05454cabbff338209792a0ebe01af7a6c3e993607535688630b4801
results/tables/gap_closure/rule_based_filter_baselines_summary_all7_perbin300_clean.csv,36527,71ba53151de1b01d9d78a0e712eb7b11effe9e61ed31141bc8fa609b00f9e199
results/tables/gap_closure/selective_bootstrap_ci_all7_perbin300_clean.csv,20987,a5c698eefcb62ef9cafd6a8ec1d7004f02ae5e67d60997df16e20f96ab59071a
results/tables/gap_closure/selective_deployment_curves_all7_perbin300_clean.csv,10008,36522a649cdc7cc018509de3d8bca21fb90261a77b317e1fcea6123dcb975f2a
results/tables/gap_closure/selective_fixed_coverage_ci_all7_perbin300_clean.csv,7583,7d38510306d9647a59e675d206af50182df58c8c4c74f52ce8557d17dd10f405
results/tables/interaction_recovery/interaction_recovery_audit_all7_perbin300_clean.csv,440353,5f0ca20c117031ebea6a1077b2cf314a37c10a0a38819ef17adbd9083982f334
results/tables/interaction_recovery/interaction_recovery_delta_summary_all7_perbin300_clean.csv,671,1c370517f14c0daead5bfe96089e988d3f73d6d88a7474cc3d193a42e7bc850e
results/tables/interaction_recovery/interaction_recovery_summary_all7_perbin300_clean.csv,1685,f396a6134930d77c96651abb1a9fbd8f2aabeb30898ecf641165de67ac916ee7
results/tables/official_clean_main_all7_perbin300_clean.csv,392,3cf5a851fd93169b801abe2eb47bab4b34acf63b8f07aecb650b8a699ee0c579
results/tables/official_clean_main_all7_perbin300_clean.tex,307,211913ff50a3f0ba4f15205cad664f8cf40146a52507e40f5823cd5d20f7c442
results/tables/posebench_external/external_controlled_baseline_contrasts.csv,1027,4ba81b41b5325af10e0cfc04dc82e66f250838ce804c7a728e75638de0d34fd2
results/tables/posebench_external/external_controlled_baseline_gap_matrix.csv,2149,44cc9fc9c7b51ae0655fcee2c592b110bf00881f87f9f5c6c1f0697f190c4088
results/tables/posebench_external/external_controlled_baseline_scoreboard.csv,3046,8a0d470a3b7b38ee2724bb987a899fddb3e306cb218ff9f09260ec3a23e4172b
results/tables/posebench_external/posebench_boltz1_gpu_full_r1_s20_cases.csv,1055029,77e8321d1a6599785e337fd939785d7fdaf62978c0421ba592370875d213097d
results/tables/posebench_external/posebench_boltz1_gpu_full_r1_s20_confidence_bins.csv,1431,b089f42cb81bfac91ec712cf5131318e7ce9634e253884e3d516245d198dbeab
results/tables/posebench_external/posebench_boltz1_gpu_full_r1_s20_confidence_error_correlations.csv,2073,a32bf923d6a2cfdf0274ee0020480fec2d11609c0b8ec4d2a32518747d5f1439
results/tables/posebench_external/posebench_boltz1_gpu_full_r1_s20_drift_cases.csv,1083722,037437008fdf1a89b2ae80d3ab65be3148e35cb46e76ab0fe00f905efe64591f
results/tables/posebench_external/posebench_boltz1_gpu_full_r1_s20_drift_taxonomy_summary.csv,2912,f3385649e72d32c34ac69cb4d26a5f7a9d0801166a68f3541788dd1a076f8014
results/tables/posebench_external/posebench_boltz1_gpu_full_r1_s20_failure_cases.csv,126002,99336e71cdc7eb03d55a45949595a34772bdca628f46c6608682e57867f0aa3b
results/tables/posebench_external/posebench_boltz1_gpu_full_r1_s20_failure_summary.csv,340,42e79be290e686353275c725e7b14bf878dc398b2f3fef39015c23d0f48b8c59
results/tables/posebench_external/posebench_boltz1_gpu_full_r1_s20_gpuaware_launch_manifest.csv,153474,da76d45dcffa289c6a3ff0cb54353cfa1e6cb4440ac238232f0559d58c8ea080
results/tables/posebench_external/posebench_boltz1_gpu_full_r1_s20_launch_manifest.csv,10089,295851457b52644f101e4561256eeec4c3c3da4341035a2875218f3faa61971b
results/tables/posebench_external/posebench_boltz1_gpu_full_r1_s20_metric_sanity_cases.csv,53399,25969afc487d7c3fa6263ed4781266642d344f321e747d0abbc249497667da78
results/tables/posebench_external/posebench_boltz1_gpu_full_r1_s20_metric_sanity_status_breakdown.csv,322,b2b8b3d3225c69485fad5caff3b3d9cd279772a07a19bd2deb3a889e0fb6b7c2
results/tables/posebench_external/posebench_boltz1_gpu_full_r1_s20_metric_sanity_summary.csv,691,659386c91781a587216fe596c3089d0a017deb35ceebe1a9e61638c4f8c8e766
results/tables/posebench_external/posebench_boltz1_gpu_full_r1_s20_stalled_process_snapshot.csv,8396,511f64db5f3098b0ee53165b065eab16adc9325cf7fc044e864b4d8c99b3de93
results/tables/posebench_external/posebench_boltz1_gpu_full_r1_s20_status_breakdown.csv,322,b2b8b3d3225c69485fad5caff3b3d9cd279772a07a19bd2deb3a889e0fb6b7c2
results/tables/posebench_external/posebench_boltz1_gpu_full_r1_s20_summary.csv,1171,893f25250c411ea1d499c7eb6f795b98e5569253750221e7deb16ff563811ba2
results/tables/posebench_external/posebench_boltz1_gpu_smoke_r1_s20_cases.csv,10413,64bdf3d47c381155faa4f9261be8506b62af29b86c75b3ea3c863cffc9441f7c
results/tables/posebench_external/posebench_boltz1_gpu_smoke_r1_s20_status_breakdown.csv,76,1f7dc2fdb9ad5755783511b36693eb84da0100cb51e66c18921e7146e9ad1c6b
results/tables/posebench_external/posebench_boltz1_gpu_smoke_r1_s20_summary.csv,936,b6f9b396cef7294855fbd32027383ede005aecf719f3d8bafbeea67ed5f404c3
results/tables/posebench_external/posebench_boltz1_smoke_launch_manifest.csv,2619,7d8a5fd393f7ae9b7aed6c8d0339de30f6e07129ae6e70010e7c7a9362400145
results/tables/posebench_external/posebench_chai1_gpu_case_status.csv,1449950,5af39c0bef2d3ab26fe10fe8b2b1dc2c0c730ab46006fffd473521ee311cfe2c
results/tables/posebench_external/posebench_chai1_gpu_default_s5_t200_cases.csv,1446624,24b2e325fa98542d092fc98274990903cb5b13ed0560d667122eb2946e0a0846
results/tables/posebench_external/posebench_chai1_gpu_default_s5_t200_failure_cases.csv,110944,e1f123493cc4e333613fc536879c81d9771737e4284791cc4f4e8831cd290197
results/tables/posebench_external/posebench_chai1_gpu_default_s5_t200_failure_summary.csv,326,7b59c5f9bcf0241eafc021a8bc23e2ce2df5c7a61b202a0738e54e509d87b102
results/tables/posebench_external/posebench_chai1_gpu_default_s5_t200_launch_manifest.csv,280357,f1adf928c069a5136f761c22cebd8cde6138aeb1117fbc1ea4e2bdff9dee1a39
results/tables/posebench_external/posebench_chai1_gpu_default_s5_t200_metric_cases.csv,442532,89abe3403e10daaa6e251218157067fab7a3a551c30f0bb5ad2c56618a2150bd
results/tables/posebench_external/posebench_chai1_gpu_default_s5_t200_metric_summary.csv,558,9a43bb00f1a44af41315cd85613bfd5cf621406040976930b45e60aa62cd6c25
results/tables/posebench_external/posebench_chai1_gpu_default_s5_t200_rescue_queue.csv,101580,d7d75baaf2b1233a5bd4299b656a108b1c282883491fd7bbe4c55082c7658b36
results/tables/posebench_external/posebench_chai1_gpu_default_s5_t200_retry_from_default_s5_t200_launch_manifest.csv,25724,da2fd39cc1552fdced63a2ad54e86d4a272254526867fbcda9314d52efb89c17
results/tables/posebench_external/posebench_chai1_gpu_default_s5_t200_symmetry_metric_cases.csv,434233,38ecbcbea790a42553f5205f7d2886d44cece2ddb13e883364628ce23b7e2f96
results/tables/posebench_external/posebench_chai1_gpu_default_s5_t200_symmetry_metric_summary.csv,577,f998ba8125734b914af353341628b4ed2a1cecea3ddfbdd6b0dd0833e2860025
results/tables/posebench_external/posebench_chai1_gpu_oracle_pocket_crop_s1_t100_noesm_cases.csv,45084,5e4131f5d4d912ea7d2cfcc007aac6537c87357dd5b7f03ead6785181be707da
results/tables/posebench_external/posebench_chai1_gpu_oracle_pocket_crop_s1_t100_noesm_failure_cases.csv,45084,5e4131f5d4d912ea7d2cfcc007aac6537c87357dd5b7f03ead6785181be707da
results/tables/posebench_external/posebench_chai1_gpu_oracle_pocket_crop_s1_t100_noesm_failure_summary.csv,145,f2c3f2d751d773910ff100555279e9baced0caf50fc78994929acc294c5ec32d
results/tables/posebench_external/posebench_chai1_gpu_oracle_pocket_crop_s1_t100_noesm_rescue_queue.csv,45084,5e4131f5d4d912ea7d2cfcc007aac6537c87357dd5b7f03ead6785181be707da
results/tables/posebench_external/posebench_chai1_gpu_oracle_pocket_crop_s1_t100_noesm_retry_from_oracle_pocket_crop_s5_t200_launch_manifest.csv,17127,ac24dc5f01a4fc7891d7b37431de25df0c2d37fe7c083eb1392944586137c3b6
results/tables/posebench_external/posebench_chai1_gpu_oracle_pocket_crop_s5_t200_cases.csv,148221,695f8188ab990ceac1141c966385034e59e7c7e5639d899baf1ff19218ad2de1
results/tables/posebench_external/posebench_chai1_gpu_oracle_pocket_crop_s5_t200_failure_cases.csv,44685,b286b70d7b3242ed600db822ac5c106c9c51a5cde54fb012db1ebef514e7b6ab
results/tables/posebench_external/posebench_chai1_gpu_oracle_pocket_crop_s5_t200_failure_summary.csv,227,732dc2d44c5a9c5eddbe11e83133193ddd170403e07dc8f031977b4010dd4757
results/tables/posebench_external/posebench_chai1_gpu_oracle_pocket_crop_s5_t200_metric_cases.csv,32396,ffc674d4b034feef0a4da18acb5846ad84e87348b870bdf98fb41d281c714b6c
results/tables/posebench_external/posebench_chai1_gpu_oracle_pocket_crop_s5_t200_metric_summary.csv,443,2d845e1a0eacd2b145ee370fef48338f76a0d94e8effb4ce27e0b99ebc02372d
results/tables/posebench_external/posebench_chai1_gpu_oracle_pocket_crop_s5_t200_rescue_queue.csv,44685,b286b70d7b3242ed600db822ac5c106c9c51a5cde54fb012db1ebef514e7b6ab
results/tables/posebench_external/posebench_chai1_gpu_oracle_pocket_crop_s5_t200_retry_from_default_s5_t200_launch_manifest.csv,45554,dddba20d610c81cc6dd6b663c8ab3359bd097c864e7ba8ec9d911a225cd0160b
results/tables/posebench_external/posebench_chai1_gpu_oracle_pocket_crop_s5_t200_symmetry_metric_cases.csv,30741,57849123b1eeafc5a0e126b2806cd645274d225911af5f29fff34b68b3a63e7b
results/tables/posebench_external/posebench_chai1_gpu_oracle_pocket_crop_s5_t200_symmetry_metric_summary.csv,476,32f78f2bdc5397c78e7455788e6891948ecbd340c5ccc8a033c45bff54d23fde
results/tables/posebench_external/posebench_chai1_gpu_oracle_pocket_window_s1_t100_noesm_aa384_retry_from_oracle_pocket_window_s1_t100_noesm_aa768_launch_manifest.csv,1117,4c1e949f7ea337e2b18f1dc4fe1b9a1939f9595d340268b1722b3709569c736b
results/tables/posebench_external/posebench_chai1_gpu_oracle_pocket_window_s1_t100_noesm_aa768_cases.csv,29321,0d5747820ca219232e94a4bbb5b63ced6df37e6395c733bc8129d9f86a7f95ac
results/tables/posebench_external/posebench_chai1_gpu_oracle_pocket_window_s1_t100_noesm_aa768_failure_cases.csv,2740,1d56183522947fa18ee72f90d6e265bcb77c32ca07b39922d437e83f0551d65b
results/tables/posebench_external/posebench_chai1_gpu_oracle_pocket_window_s1_t100_noesm_aa768_failure_summary.csv,200,4ebb5f31c409e163fbf831e74f9c33a04ded6971aba1850c979100fa373b26c3
results/tables/posebench_external/posebench_chai1_gpu_oracle_pocket_window_s1_t100_noesm_aa768_rescue_queue.csv,2740,1d56183522947fa18ee72f90d6e265bcb77c32ca07b39922d437e83f0551d65b
results/tables/posebench_external/posebench_chai1_gpu_oracle_pocket_window_s1_t100_noesm_aa768_retry_from_oracle_pocket_crop_s1_t100_noesm_launch_manifest.csv,22287,4636f3fcf1572902c123a3e974f960db07568ce17b1fa8327baebe9347992f59
results/tables/posebench_external/posebench_chai1_gpu_readiness_dependencies.csv,903,3054f6b77fa63e3bbf002c2bfe3d18eecbe2a98a975686f1b412de44edd146be
results/tables/posebench_external/posebench_chai1_gpu_readiness_summary.csv,756,8629211d0ae03ac03ecdf909142c052410fcd6ca29e3a6b9b8bf5b6a827586dd
results/tables/posebench_external/posebench_chai1_gpu_rescue_waterfall.csv,1224,81c8202126d10fd3860e0b66df4d6329fb43046ddd0d1963847142db2e727bd8
results/tables/posebench_external/posebench_chai1_gpu_rescue_waterfall_by_dataset.csv,888,c409ad82ee5fe52bb1f7bde1babf97f33f4a608ebf60bdd1a9c67006bb31c31a
results/tables/posebench_external/posebench_chai1_gpu_rescue_waterfall_unresolved.csv,1,01ba4719c80b6fe911b091a7c05124b64eeece964e09c058ef8f9805daca546b
results/tables/posebench_external/posebench_chai1_gpu_smoke_s1_t50_launch_manifest.csv,8155,e4a4803b82564d50e4150bbe4df84d55f31ead3d9709b87c3b948c0811149390
results/tables/posebench_external/posebench_diffdock_default_launch_manifest.csv,221343,b44504a9b0f8e63b91a593b91ad0a8e9eb492a425126703835fdeadef485a4ab
results/tables/posebench_external/posebench_diffdock_l_gpu_default_s10_t20_cases.csv,597553,93a877689eea9f073bdd062a72760528e9443eda77252691679e9e5da5d4f5c7
results/tables/posebench_external/posebench_diffdock_l_gpu_default_s10_t20_failure_audit_all_cases.csv,268656,193f68b86fd3c54343f56a8d745e963e09cd9df02d88725badae5c6578fa1af2
results/tables/posebench_external/posebench_diffdock_l_gpu_default_s10_t20_failure_summary.csv,721,3f1178f0a46d6c62fd275e988bd2ffc1505167c7ecf6d9bc93eb1f3ad87eaef9
results/tables/posebench_external/posebench_diffdock_l_gpu_default_s10_t20_failures.csv,10304,49b8a0f5d5d63c7131e39563e918774572da381baa9a50d2918acf8b96efafe4
results/tables/posebench_external/posebench_diffdock_l_gpu_default_s10_t20_status_breakdown.csv,184,c6393a14d96ed5a379568374fbae1dcc7e92bd326bf67cb0b8a90ac88ef38298
results/tables/posebench_external/posebench_diffdock_l_gpu_default_s10_t20_summary.csv,954,3030e2fb0c8f2e396bd25efd40b74a0d474db279c3aa67ffbb35c067265f54c4
results/tables/posebench_external/posebench_diffdock_l_gpu_smoke_s5_t10_cases.csv,3560,74b245c64e00f72b4e4d9a2612f05e5dbd6d5cf611b9d85ce6cc5897467f56fa
results/tables/posebench_external/posebench_diffdock_l_gpu_smoke_s5_t10_status_breakdown.csv,76,be2846184678191216ab7ba9a311e30b08048a9b15c5bfef04caba9c5ae565a5
results/tables/posebench_external/posebench_diffdock_l_gpu_smoke_s5_t10_summary.csv,443,7313054620a422d5c3a682813942de5dacc1e8a0a404c1532dc284b601a5e164
results/tables/posebench_external/posebench_external_archive_status.csv,1093,0067b4aecca500e6af99eb8113742373d5f538bbc451fb6985019907218bac16
results/tables/posebench_external/posebench_external_case_manifest.csv,373785,4343e942b1c9073825954f48955520a6d024779bea56f4df44fdd9cdb17ecd05
results/tables/posebench_external/posebench_external_overlap_top50.csv,27698,a703e8ae935106bf11ded227970c59e40508d92bece56ec32c0b325affdc46e5
results/tables/posebench_external/posebench_external_readiness_summary.csv,425,47bab046b4ab99ca86b5618ce9cfda289a2bc4d2a8feff6d667eb6b6a18ace0f
results/tables/posebench_external/posebench_external_selection_bootstrap_ci.csv,7869,0f6d1bae8263d09c9e84810c8efdf188d0af9852565ba4459c0e500a39c52a3a
results/tables/posebench_external/posebench_external_selection_by_risk.csv,17237,720b0da41059d731b94b2e25f7bf72e128e0a3e5038982c3a3168f11acfa4845
results/tables/posebench_external/posebench_external_selection_paired_delta_ci.csv,10439,b1fb75decede39bbc7dd9ffbcacb26d8e7953028fb673ecc761b518a3bfb9800
results/tables/posebench_external/posebench_external_selection_paired_rescue.csv,5573,ab1868a631e47df889e62f1ed50157a19a8cb815340c810e488a3f8dda0248f4
results/tables/posebench_external/posebench_external_selection_selections.csv,2918502,6e7193b6f7e63eeb55e267ce7235f792e028d5c9a26ec195f08961cbad68f567
results/tables/posebench_external/posebench_external_selection_summary.csv,6332,419e7f496c6b42e6766f33a0e9ecedbaa97a542df1a3977f9d25a2817389b112
results/tables/posebench_external/posebench_full_controlled_selector_candidates.csv,922966,5163638c40a5a7529d369c1c88af83e26587786bdc710e1ea036d65ca3fa9fab
results/tables/posebench_external/posebench_full_controlled_selector_method_counts.csv,858,566b615c904c6b550985fb2126289a223a52521a6c375b5bc64b728734bcea00
results/tables/posebench_external/posebench_full_controlled_selector_paired.csv,789,9fde8c96dad24e04c19cb4df6e7fcf3662280c754fb747a4bb63954f65092300
results/tables/posebench_external/posebench_full_controlled_selector_selections.csv,1798733,14508e69817dc9102fe425ad365f51829470f9b532a89e08b8af6c0aea5445cf
results/tables/posebench_external/posebench_full_controlled_selector_summary.csv,4311,3c4f5829825fc3b1e6093b514177a998629abbac6ef16670a124a977b6165dbc
results/tables/posebench_external/posebench_full_coverage_hybrid_702_by_source.csv,851,e894714ee07b992a70deb8845247db94ec2bee070ad0e3853eef0da2bddfff04
results/tables/posebench_external/posebench_full_coverage_hybrid_702_cases.csv,495923,3982ab4f54a01446680ad5a96ed3bc15bacd2dabd6f34ab75aa76f3fbbc06330
results/tables/posebench_external/posebench_full_coverage_hybrid_702_summary.csv,407,f5828476f2476f222cb5e6396194c01650aa8b957f423d975930a4a01cc916f8
results/tables/posebench_external/posebench_full_external_702_case_status.csv,1185075,06dc67977c716ecb1fa5e11e4fb41adc1d8ce7addf604b1d6683fc7ce11eac49
results/tables/posebench_external/posebench_full_external_702_inference_queue.csv,1322311,43fa1d9bc4ad113d1caeec3deba259b80eef428ba8d2b9769115248e646e8439
results/tables/posebench_external/posebench_full_external_702_missing_cases.csv,973,ec924d415822f98bb546e57ad8fe57f7d38f759cbd0077b0f8c68c53d3045e76
results/tables/posebench_external/posebench_full_external_702_submission_gate.csv,575,c653ccd3c835a5022cc36fd3c8d322e8017f7af88399a0507d997079943e8d21
results/tables/posebench_external/posebench_full_external_702_summary.csv,959,47f294d5bf3e28aa34ddd910944a2eae7936168be95ee149b4b6b97ce284afbe
results/tables/posebench_external/posebench_manifest_summary.csv,228,d5f4420687e8e85040b465a0a9a56f235b6e513b4ef0fcdfc16625d0ffb5ac71
results/tables/posebench_external/posebench_public_plif_metric_summary.csv,5903,c733fa53aa9aab93481131bea282acb19da1128e84f722d7d3d84906a9b71b9e
results/tables/posebench_external/posebench_public_prediction_best_case_similarity_risk_summary.csv,26045,d812a7c4b22bb57d8e5f10743ea485fcc987e83ed7737b285e6af80c3bf2d7b3
results/tables/posebench_external/posebench_public_prediction_best_run_summary.csv,7480,c44a875b915ee6f4b1a90468e33b63380d0499951f80cb74f7f817aea7349788
results/tables/posebench_external/posebench_public_prediction_case_level_summary.csv,18648,525c5af3586bfbbc6bd3d780edeacb1c7bd4ce6d46259b059d5eaa0418e4d75f
results/tables/posebench_external/posebench_public_prediction_case_rows.csv,5902340,cde11f52fcb3bc10288534a79f599569831763c347e95b480451878198aad485
results/tables/posebench_external/posebench_public_prediction_case_similarity_risk_by_run_summary.csv,65481,d952be0fc2ae5e85a5633cb6eb039593fc854963855849ca437751e9d247a516
results/tables/posebench_external/posebench_public_prediction_case_similarity_risk_summary.csv,23222,e8075c899af09b1d6eb0df1fd190096f1e32d11537f4549e1a3f26cda6e75aa0
results/tables/posebench_external/posebench_public_prediction_per_run_summary.csv,15461,1c10f667bcfd450ad3670e5d872c1e35b541e044ef5867ad906560e218dce617
results/tables/posebench_external/posebench_public_prediction_rows.csv,8817313,55d474d02c8fe90e87cdab4f1fe11a4f80cccd7b38b1903c3a1db08d55078fd0
results/tables/posebench_external/posebench_public_prediction_similarity_risk_summary.csv,22864,72ea077961266aafd9b172973b64ea276b818b51f94dcb0c2f12063beee53dac
results/tables/posebench_external/posebench_start_conf_full_702.csv,187792,125ca66e7c6871765f3a2243c1812b43d913136b37096b56611abd922c8e1c98
results/tables/posebench_external/posebench_vina_full_702_cases_dockgen_smoke.csv,1085,260550078a12757128a5fede8a4cdf11958d8a67638d399d3d5ce810da35df0b
results/tables/posebench_external/posebench_vina_full_702_cases_full_exh8.csv,552815,b7a132c0ca2ed96ae539b4cfde53474cf5f4e5baf5b37d7327fe9205a9d1be33
results/tables/posebench_external/posebench_vina_full_702_cases_smoke_exh1.csv,1032,88bf721a7b9fee27a6da90d60a782810256b19c40d4a9a8b6e8a475c25eee84c
results/tables/posebench_external/posebench_vina_full_702_summary_dockgen_smoke.csv,211,a2215c04cc2d7c052b1c48421e8ae96f81f1ec58f4fa8259f7c17bf5fd3084a6
results/tables/posebench_external/posebench_vina_full_702_summary_full_exh8.csv,540,65fc596ea6adfd81ab7193813bc0fa4af843c911495ed7285c944c68081126f4
results/tables/posebench_external/posebench_vina_full_702_summary_smoke_exh1.csv,219,7bf1c774dc8949232d81537a5b2225da00c9f6e9190ddb0fc757a52e35560e17
results/tables/posebusters_recheck/posebusters_selected_recheck_all7_perbin300_clean.csv,95506,a01865c7e9bf02cc17629a6c1d689513a127ab5f726f871e4196dbeb6cf94c94
results/tables/posebusters_recheck/posebusters_selected_recheck_summary_all7_perbin300_clean.csv,750,a9b9d9b20c8422c3f8d765883fd2b9967493ae0ceb041cba2a17be9732798714
results/tables/posex_cd/posex_cd_data_status.csv,407,85c4ee035a2285526f93d7cff5bb2f1916da9788b073f3c1af8ca5d735c4f6f3
results/tables/posex_cd/posex_cd_diffdock_l_gpu_default_s10_t20_cases.csv,1062723,c939897089874f1be1df65ccef45aef706708796c710bc4aecb9c9102749ccf4
results/tables/posex_cd/posex_cd_diffdock_l_gpu_default_s10_t20_launch_manifest.csv,343781,e8db5fbd022f733b9f1d97381f479723532ed18be2cc86ad34074ab833166f0c
results/tables/posex_cd/posex_cd_diffdock_l_gpu_default_s10_t20_status_breakdown.csv,17,a45ec23991a4ddb5da5f79abf8ec07b7c7c17acd546b4a8ddeb708295a801375
results/tables/posex_cd/posex_cd_diffdock_l_gpu_default_s10_t20_summary.csv,491,21317738c677913503f14b2e326c67eb3fd5bede33f3e5e39b81c0b1ea1cf76e
results/tables/posex_cd/posex_cd_diffdock_l_gpu_smoke_s5_t10_cases.csv,1166,7604a956619500f417e8617a5c861edafaa8376a607546a7cc3025f2eab7e0e2
results/tables/posex_cd/posex_cd_diffdock_l_gpu_smoke_s5_t10_status_breakdown.csv,14,e5cb952b1e6e17d0af15f69ff6529ae76e6c5755bfa21a52aeff97b092a6b4b6
results/tables/posex_cd/posex_cd_diffdock_l_gpu_smoke_s5_t10_summary.csv,389,b370d4409fbd296c2b9780958f1d4dc00df233262d7260ddc429354953f44df6
results/tables/posex_cd/posex_cd_inference_queue.csv,1789,5e13cedbb1b23f7c7fe8cbb530bfe8ba59eab5c5f55490d0aa62c6e264039223
results/tables/posex_cd/posex_cd_result_inventory.csv,952,127fd59d9d4e639b905bc5a2c8da7c64739753b533b3eb8c5c7406d9bd2f7311
results/tables/posex_cd/posex_cd_submission_gate.csv,707,dd3c73a2806defc1a2253a7964bb21b108a6bf15be2bb22de8ce32a5c45bf268
results/tables/posex_cd/posex_cd_vina_cases_full_vina_exh4.csv,784801,7da253d047d6a6e9fffe58402e8d2a807413186e355a76a733e85d3a08590c12
results/tables/posex_cd/posex_cd_vina_cases_smoke128_altloc_exh4.csv,76613,88948434c6474d70d0eb4153efad60864ee69333fe01ce1a3fc5b1235b3e964c
results/tables/posex_cd/posex_cd_vina_cases_smoke128_heavy_altloc_exh4.csv,77430,2fa64e90511f5dabc257bb371cf41938d8f12b0349fb40f2808539569f2ac16e
results/tables/posex_cd/posex_cd_vina_cases_smoke12_altloc_exh4.csv,7218,d5e00e7e94652f8fea75a39683d4c15b59435f87584750ec4bbe8a2d6e44aef1
results/tables/posex_cd/posex_cd_vina_cases_smoke12_clean_exh4.csv,8142,4c80b5dddf4e6f93fc3d5b81675895eae228c27cdaa3c91d702b8f14e95d8994
results/tables/posex_cd/posex_cd_vina_cases_smoke12_exh4.csv,8917,11e1a3bc9d534ce8c6edfef33a1d1a129d2e0b8033f4dd9dd86e95b094833288
results/tables/posex_cd/posex_cd_vina_easy_cases_full_vina_exh4.csv,6389,505d5409d1674561cb8b560718ad6f58523c3ee2239655a5d8dffbb04f6b3d4c
results/tables/posex_cd/posex_cd_vina_hard_cases_full_vina_exh4.csv,33465,8d2de959a1d7ab1cb8652c5e30760e1869f8d3247d1e9fff8a43673c06f1e195
results/tables/posex_cd/posex_cd_vina_stress_bins_full_vina_exh4.csv,2721,10a1995f96b98624da0cd0b8036a8755b28cca4b1c9720ef394a65649961a9d0
results/tables/posex_cd/posex_cd_vina_stress_cases_full_vina_exh4.csv,863882,3751cc4ecf1ef09fb8cb13ac2b4aac187a34024b82fc34d36187421e16f7f69c
results/tables/posex_cd/posex_cd_vina_summary_full_vina_exh4.csv,330,e0692306506aa40aaa8a2e4477058ebe4d47e460092b34a3074a23526853ee5f
results/tables/posex_cd/posex_cd_vina_summary_smoke128_altloc_exh4.csv,274,01b73147df9393241c6b3cb90743ce4ef50d9d36273c713728cd950825cd7335
results/tables/posex_cd/posex_cd_vina_summary_smoke128_heavy_altloc_exh4.csv,276,5f6256a8b8a4124f98424419baa30d608d6acb9b649c6d07c220da15082390f8
results/tables/posex_cd/posex_cd_vina_summary_smoke12_altloc_exh4.csv,226,2dc3b00b35bb5281e6bc7d07152ae57d26f06957999e89179ebbef976d85ae83
results/tables/posex_cd/posex_cd_vina_summary_smoke12_clean_exh4.csv,228,94187f362f06610ce288004038bfae4e54b67e1e3eed7f9b974f11812e0d619c
results/tables/posex_cd/posex_cd_vina_summary_smoke12_exh4.csv,260,cc057816dd49437237ebf1c5eeada126d9cbd82067515e5b7bdcbedbd8a5f5bd
results/tables/queued_runs/boltz_d_state_cleanup_attempt.txt,348,76decd536606be84e45c9468516c68fe6819740c3fa64d9206628c2d35a5ab6e
results/tables/queued_runs/gpu_recovery_canary_status.csv,636,8d488ea067582ec1cc9fa71c3eee9427402736ad99e93df04980b77ab17a812a
results/tables/queued_runs/gpu_recovery_queue_state.json,324,fdef2aa73d03c519d30e55c9cd8e49f812f9d40abedf2df276d2906516a56ac6
results/tables/queued_runs/gpu_recovery_task_queue.csv,2931,38975f2abbba6e25240a6a67f38cf39489986e83a55217f7121f516c601c53fa
results/tables/reproducibility/artifact_checksums_all7_perbin300_clean.csv,47933,6200d1c038fff9e01f9193ebd3feac466e6c2a791d6acfc7156136b6879d819c
results/tables/reproducibility/artifact_checksums_chai_default_s5_t200_full.csv,40296,c0782587dd14607609080eb53a56474c24184dd2fcc426484ef791225b9edd24
results/tables/reproducibility/artifact_checksums_chai_oom_retry_default.csv,41477,f956342dd2d44ca4e8b057a816f998830b4922d8673c341dd769d637195d44bd
results/tables/reproducibility/environment_manifest_all7_perbin300_clean.json,670,d38d0c5034f8b1b432a97c948bdbe00638712bb229b556ee645992bd873a23ec
results/tables/reproducibility/environment_manifest_chai_default_s5_t200_full.json,670,d38d0c5034f8b1b432a97c948bdbe00638712bb229b556ee645992bd873a23ec
results/tables/reproducibility/environment_manifest_chai_oom_retry_default.json,670,d38d0c5034f8b1b432a97c948bdbe00638712bb229b556ee645992bd873a23ec
results/tables/reproducibility/release_candidate_manifest_2026-06-11_postclosure.csv,65797,a06735d7e7fa5657fba9e0b1833cf3f52ec5722341fdb7faf9ac627e59d75f80
results/tables/reproducibility/release_candidate_manifest_2026-06-11_postextras.csv,61088,18328dca1fe1b2eb82a5f1478be056a6d7c6f04d18bada67917a9a61e809a0b3
results/tables/reproducibility/release_candidate_manifest_2026-06-11_postextras.csv.tmp,30346,9007aa5938e60ae4b07ab55f1a51ad0f19f7da7e6cab72c0ab694597c5d26823
results/tables/reproducibility/repository_consistency_scan.csv,4330,cea1d3abbffa37a40b5efdbef7bcecf5acd8f7876e29e8b68ac4071b504443bd
results/tables/reproducibility/repository_head_2026-06-11_postclosure.txt,41,3db1e19de7fc215dee5ab8406a8d69cadc3fef504a21daf7b933e670f448e895
results/tables/reproducibility/worktree_diffstat_2026-06-11_postclosure.txt,5660,c705bd6839d6aa905ff98c253feb9e6d15f5a20a30cf803b41ac873f389f3d60
results/tables/reproducibility/worktree_status_2026-06-11_postclosure.txt,10357,aa38bedbb8af95dd62c0d9af00b69586e6f317b71f65cf83365389e3c43db049
data/source_tables/selector_family_audits/biochemical_case_interpretation_table.csv,1612,2bc670353e1b043637be90ed3eaf7a02ad50cda868266fa4c9a01936242137aa
data/source_tables/selector_family_audits/biochemical_case_interpretation_table.md,1621,7f461b0e610a88d42c96766c4da9212e8324f49127da0ac72526896c836710ed
data/source_tables/selector_family_audits/group_conditional_calibration_by_similarity.csv,1983,76f1213ac45fc025cd4394805112b57e7be003507bb705333b0fa4d35fa6df5f
data/source_tables/selector_family_audits/group_conditional_calibration_by_similarity.md,1951,43473012af6bf50ac3b36db5d8725778533dfdf5e2e4fcae8c6779a780c98aa8
data/source_tables/selector_family_audits/group_conditional_calibration_disparity.csv,808,288ac74ccce76be437d168b14c5750229b97c29bc751d09552c11dcf207660bc
data/source_tables/selector_family_audits/group_conditional_calibration_disparity.md,676,fc9c24331ec97d6d0fd4eb681c97fb14f22b093fc25619cfaeacdfd62131e06a
data/source_tables/selector_family_audits/posebench_selector_family_paired.csv,2075,190fdc21be7a48a1d90990ba074c1bdbd1293b8c9b709088182c0d49c6ae8347
data/source_tables/selector_family_audits/posebench_selector_family_paired.md,2106,4119290b637e552097b0ced092f3982fafe5d05fff9fa9e819b47d7333ce9e84
data/source_tables/selector_family_audits/posebench_selector_family_selections.csv,2887398,688da42b479e18338e2b2111224da07b2b6170b38123d0ed4819c12d33ad11f6
data/source_tables/selector_family_audits/posebench_selector_family_selections.md,3204406,c76c90e291feb71b3c60e064fc91146ec7e7d6d5658ccb6c6ff679efde38376b
data/source_tables/selector_family_audits/posebench_selector_family_summary.csv,1832,78ff0146711b66735816b8af4b38da79100e08337b9558bcdbcbd8773003a267
data/source_tables/selector_family_audits/posebench_selector_family_summary.md,1799,442a6591ef21107bc04171f9eb2273594ee1e0dbd7eed9c5f835b6930e23749d
data/source_tables/selector_family_audits/posex_mgd_lite_paired.csv,435,b92f1056152694d08c82c8f5ab742e8c2dd4075d08986004346da1762a0e4ce1
data/source_tables/selector_family_audits/posex_mgd_lite_paired.md,556,cea3f782fe3cc123ed26fa929276b63f51df58eb85b036c46d9e9c00ebaf0aae
data/source_tables/selector_family_audits/posex_mgd_lite_selections.csv,5664895,50fe8c9791d2baa02fd4dde54a247e44b1af689b2bf54a9d7befd92c6c7d5b24
data/source_tables/selector_family_audits/posex_mgd_lite_selections.md,6367546,621bfffba368a1bc43db6df3dc51c65b7e7b1c8eeed177a7394ba8afa742bb03
data/source_tables/selector_family_audits/posex_mgd_lite_summary.csv,544,9185fef9c3f09194adc9f1748ad5d56e529cf7d14057b0fdb6fa9076d52e33dc
data/source_tables/selector_family_audits/posex_mgd_lite_summary.md,609,8e9a5a1bef5ef2eb14515dc71c89142dfbf384846f5eb882460b30c85dacac52
data/source_tables/selector_family_audits/selector_family_audits_manifest.csv,4421,bba11acd9655babea95518b09901ff7c06cd3a3dbf771e0988c1da657e4e522e
data/source_tables/selector_family_audits/selector_family_audits_manifest.md,4852,5683e9118dea77df3836e7928e6325b8b2c90918e97bb055383ba1f5511e6dba
data/source_tables/selector_family_audits/validity_aware_operating_point.csv,753,e5e8cf63a93f0c58ac7eb0c019af08b4e353290b0cd19bf4a6a0e79f922a0512
data/source_tables/selector_family_audits/validity_aware_operating_point.md,823,847024e731dd36c8277bdd074ec8ff0e006300cc047c76437851efa0a62a20ce
results/tables/trans_gap_closure/case_visualization_bundle_summary.csv,1603,904b3dfe16c525ce10658e051026e3a420a49cb4d58c967b1cdad55542023eaf
results/tables/trans_gap_closure/case_visualization_bundle_summary.md,1540,ac3b0f4e1b12a582a28e61e9a085aabc7c069c46b550d91a32ffdeb210ac9d30
results/tables/trans_gap_closure/claim_evidence_risk_register.csv,5443,289e5f3f781732fb57d1162862878dcc7a97257eb676c82d027ca18ca78201d4
results/tables/trans_gap_closure/claim_evidence_risk_register.md,5688,70e7565f5910671d93681ebc40accf3b0ea2876bd0a088dc56ade5caec998256
results/tables/trans_gap_closure/final_experiment_gap_matrix.csv,2491,1f86b1679abff6c0d695a729714940562dee393e29e69e2510263a5c1e4089f5
results/tables/trans_gap_closure/final_experiment_gap_matrix.md,2644,da497fcc4d4c52ee57290d8414b87bfe32b4bd51aeeda2fd12f3774bf386aeb3
results/tables/trans_gap_closure/trans_case_figure_priority.csv,3936,f4f712ad8316bf2acfa17b32bc8646b94f0c6ff226b492e53253730ddadc218d
results/tables/trans_gap_closure/trans_case_figure_priority.md,3347,ff2db2daba1369dc435a24f2e40f4a62f10a45bc43b993d04bae009342eec381
results/tables/trans_gap_closure/trans_final_ablation_and_evidence.csv,7660,82a8c1c55877ec464e768a0791487ce169f0719b7ddf6f5daf0dfff0c8577a6c
results/tables/trans_gap_closure/trans_final_ablation_and_evidence.md,10576,b58f3456538f523fdfb8818263986aced7e8dab1d2bf204bfa829e139b4d1408
results/tables/trans_gap_closure/trans_sota_and_reviewer_alignment.csv,5335,dcbe132d60c4d3058a8ce269ced1ceffd8ccf4278963ad1c189d1c5cbce33421
results/tables/trans_gap_closure/trans_sota_and_reviewer_alignment.md,5500,d60cfef96cd213caa540fe2bd2b5186a5bbe6156c2a558b878ccbf5f84848ad5
results/tables/trans_gap_closure/trans_submission_readiness_matrix.csv,1388,b83038fd46ac055512ae54b625259c40e54b826478c4be8754f62b6bb0b98511
results/tables/trans_gap_closure/trans_submission_readiness_matrix.md,1497,e9005d8d858c7cd69fbcaf979abc9fd90b18df2b1f9a8d16880dbc8fbbdb4652
results/tables/trans_main_tables/main_figure_plan.csv,1557,f34c64cab9f097301a43f02febb97df79cce0fdb079226361b8b4cf4077da354
results/tables/trans_main_tables/main_figure_plan.md,1668,d4d9c37a47f1fa8f7ee40b5a2f2e2e1e5016b7a63a78af3583c57a43b6535230
results/tables/trans_main_tables/main_figure_plan.tex,1768,3aa6ce4cc6ba44c8ae86381ef5232cba48a76565f707555cec75b2e0b5a85157
results/tables/trans_main_tables/main_table_1_core_results.csv,722,1e8af73ca487dc25c1007f9b0fbe4135a5f4af2ac8e3a8f196f4734a782ccab0
results/tables/trans_main_tables/main_table_1_core_results.md,596,eeead8c50f62eea1e145dfda9ec67e8361ce38a7bcdb41e0879678ce46f7ca4e
results/tables/trans_main_tables/main_table_1_core_results.tex,626,676694e36af8c902132d5d537a3b91f2b34f098660fec8103e3bf440e2af2c40
results/tables/trans_main_tables/main_table_2_reliability.csv,772,c480955b34cd3649409d07fd1e4bc2b30d75eb16757e0c9e2d704a8cd88c04e1
results/tables/trans_main_tables/main_table_2_reliability.md,595,e70bef68aa8318720243da4d231144f399a7fba6a7d033e44c59f0c70be1b667
results/tables/trans_main_tables/main_table_2_reliability.tex,597,65b9194bccf7db8506ebf13ec4c29ca249af6b0fb8229dce0c656d3681064f93
results/tables/trans_main_tables/main_table_2b_selective_prediction.csv,741,216b54da4849c37dc841c358af58dde5c5f4c3168d6d1eef580183a2b3d86995
results/tables/trans_main_tables/main_table_2b_selective_prediction.md,635,16431902e1bd3cf0f224dcfe7b35331765fc8caa66cb089dd4c07f7a706eaedb
results/tables/trans_main_tables/main_table_2b_selective_prediction.tex,669,6d8e0236d5785b498e181c18548acb0ececd19ca43c900a0997edf67c9fcfbdf
results/tables/trans_main_tables/main_table_3_rescue_ablation.csv,789,5a844ea58d465d9b92c3b186f12343a6a4c6f7f12ce50138edba7b34a2365b74
results/tables/trans_main_tables/main_table_3_rescue_ablation.md,776,64d540c965304681c29e01cddf33fe389b0ca5dc4d9fb1f7a90f797de8f4660b
results/tables/trans_main_tables/main_table_3_rescue_ablation.tex,820,6c9a0e07567c781707d3836ba1a84450227481aced09447be63a10343fd8ecc7
results/tables/trans_main_tables/main_table_4_external_baselines.csv,1900,9d92d8f82df9d90591560dd4d93a823a6b56b975a9e111f5c9d232c23fc87dbf
results/tables/trans_main_tables/main_table_4_external_baselines.md,2070,3770ba56890c81cf93da0ca0c8f3ed5dc2ad2dae29142bd732f0a67ea0b476f7
results/tables/trans_main_tables/main_table_4_external_baselines.tex,2092,47bae27cb0a32f0faa83f2a566a20255d6aafd84c3569a9cf50f2d4c262bbd2f
results/tables/trans_main_tables/main_table_5_claim_risk_register.csv,2940,d1cde6060e7ec3d046b6e9b05bee882f754955b7bbfe16f7c20c34d0a4f801c1
results/tables/trans_main_tables/main_table_5_claim_risk_register.md,3127,9623563b2caee72b975874610ab61163fdd75726e79a90aca5ef0c9fc4ee5fca
results/tables/trans_main_tables/main_table_5_claim_risk_register.tex,3193,107f3e183b5808194eec26563ab8e4c4545f0189e7dde7171a14e42ff6ad24bb
scripts/00_env_check.py,1660,2e1ec6c373f6e714f37acbeb861d860e198154102f3c6c2ed556112b1b15cb6b
scripts/01_make_smoke_manifest.py,2319,4bb7b4a94c35b136afc84e117c534a04efcff1d5de3e5cb100b50b5cdaa8f8ea
scripts/02_build_reference_neighborhood_similaritys.py,2253,7788e0b1e84e67faad647936544e3aefa26b9321c255395de68ac6b090cc2fe0
scripts/03_fetch_source_repos.sh,1590,2178741335f5c082c99aca4d0112232cd22d958ec48485a4b9fb8070d9a18b7b
scripts/04_list_zenodo_record.py,612,2699b7adc966bdd98463b3eeec6e6ca36dfb667f1cd68c498a67488a0a554163
scripts/05_download_zenodo_files.py,1936,4893aa66179216610b03ed326adf20ddca3bfb2d59ada8e30f8172aa673ebe88
scripts/06_schema_runs_n_poses.py,957,cc0aad92e14257ad1b6f398f91d40df8cdd625deb6b54f328a446abf69cdca8d
scripts/07_analyze_runs_n_poses_memory.py,9437,1a13c7d95de0e00a96b6982cde2da53d0f218575c9b99ab711d9d2f8f1d17ebe
scripts/08_torch_gpu_smoke.py,550,e50ffb122886dd10569a2908d312eee2e682922359ea7d77a99a495203b0a156
scripts/09_write_experiment_log.py,3586,ae42fbcdbcd23f00f9a5b25d3b626577a0aec8ddb9152115d9cda09171d9fbff
scripts/100_posebench_boltz_metric_sanity_audit.py,13094,92d39831c52e566905c282db0d64d0789746f653edf5591464ee337d4d6360f4
scripts/101_final_experiment_gap_matrix.py,10279,b73483f9bbb7a7f571090e835204fca3eec37de13f1906a33f9371374da722ea
scripts/102_repository_consistency_scan.py,4115,eb04b2c9682fe24515a6986f7f45fca8fd4642b3006848e23d23d4c1d9f9b7dd
scripts/103_posebench_full_controlled_selector.py,22298,2614212d5bf1338f579a2eec7df16f64bf4d3247e70e1613f4d6e3f5acc078b8
scripts/104_submission_extra_evidence.py,25913,bc47a5bdddd0356c6a3367af98b995a67d1f75258e7acd30b603c236b9e2d37e
scripts/10_memory_aware_reranker_proto.py,8941,484ce299885b5d0539e843ba7270e429603e249679f4f94be87fc6a49cbdf33e
scripts/11_summarize_reranker.py,3650,242bcdb72958350c63d60928d42efb43d14807bb58f2ffa625b38adb3a4d08bb
scripts/12_memory_failure_calibration.py,5388,231ba1498d6c1c7d3c4307ee6bc168a0ae257f1c2013d75a1ba18c4af3dfb2c1
scripts/13_probe_remote_datasets.py,581,cd6235e689076858bc2995e3d5376fd4a219d81e7a1bbc74126f5e44d84b0d25
scripts/14_strict_reliability_splits.py,14515,1282755abb81294acad5eee7891ac7b1a14b834927ef02886e9a044c9a056a5a
scripts/15_extract_prediction_files.sh,817,55d7f171a0c9678a42c3df98cd3c13bc0c4c10b00f96dfe16206e61afcad6eb7
scripts/16_index_prediction_structures.py,3216,7678bef68974443f003d6a74b060a6b91bb492ce729575cce4f94de8dcd4ee0d
scripts/17_analyze_strict_results.py,2982,1d370ee66eea7cc220caba4f03311c844b1134f7300f4ab84a6f50e089a5643a
scripts/18_plot_reliability_figures.py,4066,eae6c1cb22d895456e1fe31f0c0f2f0392e6849a30b188a2186a16661cbaddbb
scripts/19_watch_extract_index.sh,1065,da3664105db7bb8fa16327e63d31a2cfc6869a6dadb3386df771f55d9da93ecb
scripts/20_ground_truth_geometry_features.py,6551,3105abf1b27d3aaa6de1aacef1b69c17ebb1e747551590a56d8554737c483f82
scripts/21_geometry_control_reliability.py,4317,f6e1e0ad0c800bfe85eb2a64380d54bbcac1725866add7f145673ce94057eda6
scripts/22_restart_prediction_download.sh,784,7c429afb8954f546bdfaaafe9e12cbc4f4b96d1055e93af765480a1673cd1982
scripts/23_generate_controlled_pose_candidates.py,11325,03f36515cc375dac85fbadc6b7dce67e8ec5998462b1d529ebef93cfcea001c1
scripts/24_train_controlled_structure_reranker.py,9681,3406a2ce23be84ef6eeb84775b296a569fbb46fb81208bdfbc3ba0bded6617f0
scripts/25_summarize_controlled_reranker.py,5053,06928294c76d1227e49c4797668e7f8c9acbe0edd07a59854856884afbd237a1
scripts/26_plot_controlled_reranker.py,2949,dfb665dd62f22d8c505bb4a5de2c4eab224a40d3bd48d4883ad004d2c4f2f3de
scripts/27_vina_smoke_docking.py,9604,aa746ef630698fd0ca5d3fe77d5183c184142a4e483548e00e71965391d01de0
scripts/28_summarize_vina_smoke.py,1609,6eaa861c3820631b1fa3c49a3e1e7191245f04b3718ff019ca6f57f1348dc594
scripts/29_build_vina_candidate_table.py,9121,16880be04222e9984b1253a08df870f3d0b706bea936eb97be80649fa2f524cd
scripts/30_train_vina_structure_reranker.py,8529,16a73f93e559ae02ba949655fe4bb1d5ec39f142b7d6c4a835d76c456a298209
scripts/31_recompute_vina_symmetry_rmsd.py,5618,80ed3846c0b0a4627883abf635d49f90889da9f5bc0388779069ac46dbffda2e
scripts/32_merge_vina_symmetry_features.py,1890,cd8f081a32d07d48ddc69f9a0310e49592a589d61cc6b164a7e907e4453d76a0
scripts/33_build_official_structure_candidate_table.py,17656,4b7b3658691c128bfc4b75ad167bb25117b8225c60943fad8c725cbdfb3740c0
scripts/34_train_official_structure_reranker.py,11931,390fa5d6c0b5aec76da0995d3fce902b6d21272b13200967be9b7d28168ea48a
scripts/35_train_official_pairwise_rescue.py,12209,e560120884647b820be886478004809edfafef4390b57bb707d8529b85e95eb6
scripts/36_train_official_methodwise_pairwise_rescue.py,5106,9adc506cd29543340f1d9be1da0f5b1aa93990db58a831f5be41ac5ab69630d0
scripts/37_summarize_clean_reranker_stats.py,7015,0cf6cbe8398c0bbdd12ec451407deb6ca4b952c39ee46ca82f0e5927dcd89443
scripts/38_plot_official_clean_results.py,7389,4452fec34c07e4e1f6dd867b2166fb0dd8590415d527ecce2af35d7e06154577
scripts/39_export_rescue_case_audit.py,6161,42cfb85635a204dddf841bbeeb091a4e227053e03f5ea4dad742d2d7c87a88e4
scripts/40_gap_closure_official_reliability.py,26621,451bc8c2fb8ab4605474377b252efd83c244acf1dee78fb08c462bdf4bb6309a
scripts/41_reproduce_gap_closure.sh,5795,b5d24590aeb33047de13e8901881ee14ba155c507a6e84da25f8f4ca0b332376
scripts/42_bootstrap_selective_ci.py,11097,fd956436f589304d6dbc33b8483b7a4f61376ab793b46e1dfe4ef43630e08fe4
scripts/43_case_chemical_audit.py,12749,57cfa49f47d3f390c66429d2cbc99901723f853b8a66032352e9143d5ea4b312
scripts/44_method_heldout_reliability.py,9803,6fd2329ce2a3f5488e22d19fa5a51c8aacbf6f842c86d6fd0883c7ed62a1a033
scripts/45_nested_pairwise_threshold.py,18986,b888d4ee74b32abb40aa903ef4ac531e11010cff297c51e7d9db42ebf49cd070
scripts/46_rule_based_filter_baselines.py,11893,be051a05881f50f45fa48be92027fca7337205fb67e47b04fc27a9fa939c8156
scripts/47_posebusters_selected_recheck.py,13839,397271807f6023a2f1a91ee8e8853581e4b59484b6594e19e817d55c332b3bc5
scripts/48_interaction_recovery_audit.py,15332,82b3b4769cfd8505d70a82dfaf9e2a09fb284d0807146b55d09be35ca617d27d
scripts/49_joint_ood_reliability.py,11007,0ee781334cb4e7f7b9990b8564eb303b256dc350d02df5748ba9081274e1b6f2
scripts/50_failure_attribution.py,8745,07e070a05dbf6458743f913ec03961ea840391b102fb407701e4ac47ad528cf3
scripts/51_artifact_checksums.py,5034,1cc717406acc51887250d7a42aa46549c9aa716ef2c23384eb8e1ee9b50b084e
scripts/52_posebench_external_baseline_probe.py,4175,0300dc617f4d50fef280d2871a1ef38f15d98883ea5ab2a342195167ad9630d7
scripts/53_posebench_frozen_external_protocol.sh,2705,4046c0c4af74e94d930abde2627ef13fa8c18564a11227384455e0bb3a150c85
scripts/54_build_trans_gap_closure_package.py,58125,e372cfb39433190c2947fd4eeebb71534705bd6414cafa26e3decca03d8a9d71
scripts/55_prepare_case_visualization_bundle.py,7514,d1871268d840742247097e68cfde2a627ac5c3ca0a635b96d3b7245a8b6380f9
scripts/56_posebench_external_status.sh,1241,31a8307d5d5b3ceeed757940181879d106897947e18a4d0af03adf0d8da08758
scripts/57_posebench_external_manifest_audit.py,17937,9e4d23be20c42ffd462d59e03117658f84a4a53c13b74581e195d18b0c708acd
scripts/58_posebench_public_prediction_audit.py,19558,623403338cae0116f5b2aa8e7fdbdb1cf8901b2b5e1861713c729cade43bf7ce
scripts/59_posebench_external_selection.py,27760,d1bb4568b4a8f37cc2191ffd901ba03e42f97f5cf076c51832779b97d83096d4
scripts/60_calibration_bound_selective_risk_control.py,14656,dcd1b6e7962bdf01d05205db0e3d9b233be7576f0942365a57f24bef259ed550
scripts/61_evidence_fusion_method.py,18412,bdd0e7d086ed62c78908a7b00dc5616b94b623f228520b8080de34690c96fe9a
scripts/62_posebench_full_external_702.py,16107,cd7746f3aaca1734a978a545a2e0b449ec1763c17512d7d774ddc59930dfee4f
scripts/63_posex_cd_stress_protocol.py,17625,c1b3a83517ba6ed050f91cc34b38a65d1b1a6161124724887ec984a8f0ba3653
scripts/64_main_case_taxonomy.py,10791,37bd7ca669c3f658182ef3765cd073189f5906b30aeacdaba59580fdef76d344
scripts/65_run_posebench_702_queue.sh,810,dfeb25cdb3a160a765c0eb015db2949bf967bd46d0faa4ac2c296907e31770ce
scripts/66_download_posex_data.sh,1164,d4670c8f17393c91d888977a9664658bc32093726ac342a0805491173ba81bdb
scripts/67_posebench_full_coverage_hybrid_702.py,12178,8bcc6188281120d5ae3912630e552c95db46462e82fcfc21d38fb03e3d1d0577
scripts/67_run_posebench_vina_case.py,24777,15bc2e0b5091782d4d6556c0e43ba80070c4d45298bc771fb06f9308c0f84f88
scripts/68_posex_vina_baseline.py,19190,de75a33b94bcf75be16db79b9616b32c6e5a6accd9d75233e7c97bc980c8b39c
scripts/68_run_posebench_diffdock_case.py,11077,abe3d5bfabb270855dd1dacd76e658f7721334b863e5cc1455204c5be8a69312
scripts/69_run_posebench_boltz_case.py,18497,9b3eb20c4ccc706667de406290b40b2a4d2142581e40bb20112625364661b8a7
scripts/70_run_posebench_chai_case.py,23697,fea645e67a4109b3b7882303aadbe9ec198ac86f8e7634230610d05370575a30
scripts/71_case_figure_readiness.py,10548,b226c80cb8fa05627e01cc3e104f81ab260f31098fbbd6849658cf0343aeb78e
scripts/72_posex_cd_vina_stress_analysis.py,6817,00c11447e90a3930561dbe5280d0415315f25ba9bd0524b37535fc1bc8b0a59e
scripts/73_case_figure_contact_sheet.py,6557,97a62a8cebf117cda380bd8ef7a5a7b02e342ae90eb07aa3754ba828397f56d4
scripts/74_posebench_boltz_smoke_audit.py,7819,701537e7b7042dac019a7ad1b1e7e276161a884b45f387cb62cdefda99fd29ba
scripts/75_launch_boltz_smoke_batch.py,3167,cf455e1a8039bc010ad253a0238a64396fdcd225d259798f3d187b0a1440237c
scripts/76_posebench_diffdock_smoke_audit.py,6961,332c7183e0600eedf07a8dd540ad7f653d778c86a45b17eae951219b26c93be8
scripts/77_launch_posebench_diffdock_queue.py,4645,260653a77b0b32099798911d20a56e6b5cc463cd6625dea7fc1c87515c19a1d0
scripts/78_posebench_diffdock_failure_audit.py,9164,147cacd14dea513e097bc80ccc8f136728b5dd2231caa524c0e0663abf15b0d9
scripts/79_run_posex_diffdock_case.py,12110,6baf4879cf79735b11abbf397baec2fab1e0dccc04e9007569511fb4347e1d5b
scripts/80_posex_diffdock_audit.py,6593,68177d96e9deeae4b955c998bb8b9fa8b2c28b85c67ec49ed655db1dd537b1db
scripts/81_launch_posex_diffdock_queue.py,4066,975e4167a6edfdfb07b9b05a3f2d6132450b382fae122c6bbd8bd2fc301d8e4b
scripts/82_launch_posebench_boltz_queue.py,5200,0c632a1d6f71907152ea6c99eec699a25c3ecda5fb7d127ff410f11a4ccaa15f
scripts/83_run_posebench_boltz_full_driver.sh,1014,6672aef9964c8395068145bf5a53f704f57bd0b2075dfac42d48f57e1f6e97a4
scripts/84_launch_posebench_boltz_queue_gpuaware.py,9019,05a39a985c2a51bae2b44fd17dcb71af73b2cf4c3f8f7f52adf59fc3667f4b83
scripts/85_posebench_boltz_failure_audit.py,5769,c60d4a871dc938e818d4d72fae293f375eef60e241893241fadef371b5ea5c54
scripts/86_posebench_boltz_drift_taxonomy.py,9307,ebd3933bc16a789dacca831cbb6fdd4ddd84557f6380975614e9f7e0bbae5bef
scripts/87_external_controlled_baseline_meta.py,26383,a2f590ed75ca93fd7b35cc4df5dfaa7c1ce7e6189b0708128d19af394f975666
scripts/87_posebench_chai_readiness_audit.py,11580,23e05241ef02a70964d0922e3629654da9310172547205370021e19658403ee5
scripts/88_claim_evidence_risk_register.py,14444,abe04cd7f95b818e17eff9796d167dfefd6fb59893c08ae69b3e4df454fe4afd
scripts/89_trans_main_table_package.py,14689,90ceca86a3af7132dc2876748f5a9b413e1d182094581ecfe8d5839c147d7ef2
scripts/90_launch_posebench_chai_queue_gpuaware.py,9582,bb06e90026be0b9e40a9a9e40a2331b670c07c58f0763656c41404c4d81a04c2
scripts/90_launch_posebench_chai_queue_gpuaware.py.bak_timeout_guard_20260518183703,8146,4e9a5a233026a4d7012bd0f3ec309bfc97c1d103fe9d97b738e1c1588c3e1fb3
scripts/91_gpu_recovery_autorun_queue.py,8891,d381b09a57f9962554de3f5a11a77abadcd9414fcba5a31504958ea6c667653f
scripts/92_start_gpu_recovery_queue.sh,492,3d94fc812d864574b1b05d25fccb15fc20f9cbdd923a87e2ece235b41981308c
scripts/93_gpu_recovery_canary_audit.py,6976,cc87c95a958d9842d831b2af35720f2d87c7c4f96cdfe58eb66ea7ccbf0656e1
scripts/94_posebench_chai_failure_audit.py,7499,fe4f3755b5a965c42e11355880ddc04224160dc18dc77974896da6f064772b74
scripts/95_launch_posebench_chai_failure_retry.py,8132,3063c338524a2898c9db2b0be8cc1951c439b2951b2b1f86d4f053bf773450fd
scripts/96_posebench_chai_metric_audit.py,17275,cac4c3772b53c148a86270e3fd6a1c6c551ab9e798895852af1f679cdfc7ee1e
scripts/97_chai_rescue_waterfall.py,6655,43e3f9a646534179265d22efdb3e56d286740740b7799e5728e9f2ccb2318bd5
scripts/98_posebench_chai_symmetry_metric_refinement.py,17229,41c80d2b1812c465153c6bc1d78b42ad1cbc195c62306ab425a170d9b0b14775
scripts/99_resume_missing_experiments.sh,1615,fc3aebf32e26f5ac7cf2b9829db4f3a917de1df8cfbae8993bfbede1874c2882
scripts/__pycache__/100_posebench_boltz_metric_sanity_audit.cpython-310.pyc,10863,a08b7e82589f440fd63cba940aa59d82765ac92fed7ff13a1df8b005ab4b82c8
scripts/__pycache__/101_final_experiment_gap_matrix.cpython-310.pyc,8858,49da2bff6946dcd8ad5447d751b26096c3173ec174a6cc3baa3f64219d7f9d68
scripts/__pycache__/102_repository_consistency_scan.cpython-310.pyc,3973,d8b2ac957e5a68b622c6e602803c44000fb9a8f45a57fcfaeda14f0a30fbab23
scripts/__pycache__/103_posebench_full_controlled_selector.cpython-310.pyc,17381,c3bfd284a5c7b865ad64f8ff0cc009e5da2f6ef5aaa5e5f0f5094bdc3eed6ac9
scripts/__pycache__/14_strict_reliability_splits.cpython-310.pyc,11944,04e350b694faba1f0a6c290ecc146e22f6970eb6b85e0fef289d5ac2d2dd0847
scripts/__pycache__/27_vina_smoke_docking.cpython-310.pyc,8762,3bf9975f134179bd407ffdc29fe0370501b4edfafa06685cf7417eb2870f09fb
scripts/__pycache__/29_build_vina_candidate_table.cpython-310.pyc,8140,2de20191b053650d6edb6b151633072770a0662592407d4bef6fecd8e22753d7
scripts/__pycache__/30_train_vina_structure_reranker.cpython-310.pyc,7125,2949751fe12e7938370a165c6ab7a7a894e8f3699ec24c2f3c1f426acc59f4f2
scripts/__pycache__/31_recompute_vina_symmetry_rmsd.cpython-310.pyc,5077,19dc8d2a407bfe1153991c3fa22c2227e5f27d1eaaba4d0b9b1783563f59d408
scripts/__pycache__/32_merge_vina_symmetry_features.cpython-310.pyc,1608,cc6afc9b0e32c7c44cfaaa60941f7303a27a8b3f2cc366ee2159eac2fecdaf2c
scripts/__pycache__/33_build_official_structure_candidate_table.cpython-310.pyc,13850,ca7372d9a177e8fa19d8dbd5a9d3802a0f0c4c9ea2fce703436497a58ff1a82f
scripts/__pycache__/34_train_official_structure_reranker.cpython-310.pyc,10109,b1965696a165d8ac11479a9d519f4127da2ee4870a86039b8193c47c27b14267
scripts/__pycache__/35_train_official_pairwise_rescue.cpython-310.pyc,10484,1fcff33178630c0002dd91c2126384388f74766442ef01b3a5911a229503f9c1
scripts/__pycache__/36_train_official_methodwise_pairwise_rescue.cpython-310.pyc,4990,9bb6d6bf6bc9af356719a9adfca3228d4b3c9d77d4a43de91c3cabe5996c9060
scripts/__pycache__/37_summarize_clean_reranker_stats.cpython-310.pyc,5647,b3cc920311c767041ace642514deddd6edb5143db244c34ca5417cd82deb9820
scripts/__pycache__/38_plot_official_clean_results.cpython-310.pyc,6989,b11c77bf42c0b5f660b981b8ce7c5b2d334471a063c26b1bf371249810cd5120
scripts/__pycache__/39_export_rescue_case_audit.cpython-310.pyc,4575,3da7c3a223d364d9e619bc7573974b66782db8272156b8c239fbcd8689dc93a5
scripts/__pycache__/40_gap_closure_official_reliability.cpython-310.pyc,21245,997066894e366ee62e1f6747be5a31881d72730d23396bd5572176e47e07349c
scripts/__pycache__/42_bootstrap_selective_ci.cpython-310.pyc,9304,88078d73d4863abcba9761ad815efb09d8bea7bac7aae51a33451785575ff938
scripts/__pycache__/43_case_chemical_audit.cpython-310.pyc,10309,ad20618bbe3852383440ab47aac5922f2ef2c4720a1f3228a42b951f2bb094bf
scripts/__pycache__/44_method_heldout_reliability.cpython-310.pyc,9702,1b9509fbd53810de3d31e8ce621a7dd644d5a70219c4d6ca4e2052d82dddf443
scripts/__pycache__/45_nested_pairwise_threshold.cpython-310.pyc,15223,7f9033d28b62c32ec0a650968d962adeaaa1c23231640319e3d750ba2775402c
scripts/__pycache__/46_rule_based_filter_baselines.cpython-310.pyc,10204,6c2902cb030816bd96bbb11abef05e58957da878c710ed4311962c3f679aeffb
scripts/__pycache__/47_posebusters_selected_recheck.cpython-310.pyc,13177,25000a8b4d901680c8bb4666a8d8a874d9ea46f9f8166dd28e371ffbc4601564
scripts/__pycache__/48_interaction_recovery_audit.cpython-310.pyc,12361,ece92080d0a7d2459b945bcac8245de7d8f8e2328c67f29b5841581ae2145de1
scripts/__pycache__/49_joint_ood_reliability.cpython-310.pyc,9724,2fdd834007cb09cb0ea8e04902d62aee0b4bf7661d1b5151a8a672c013cfce75
scripts/__pycache__/50_failure_attribution.cpython-310.pyc,8368,ea97d8b1c5cf30341a2e16008b64617faffec575376840de1bc52910e3693dc3
scripts/__pycache__/51_artifact_checksums.cpython-310.pyc,5145,31eb44b9301048d66f08047dedd7a7b61bc06064462167b06669c79469f09d06
scripts/__pycache__/52_posebench_external_baseline_probe.cpython-310.pyc,4612,3097fe6e30b5dc8313c8d8aadafe96d12a783b627063f71c9bb933372777ddf6
scripts/__pycache__/54_build_trans_gap_closure_package.cpython-310.pyc,36168,8d7d5de770cdb85aef830dd986a2a952851f960469a38777dc0a22ea192bf400
scripts/__pycache__/55_prepare_case_visualization_bundle.cpython-310.pyc,6803,8d4fc8ba4278e48b58740d73a79f233aed8b5eebe55f6e92fd73ba52cbd10f18
scripts/__pycache__/57_posebench_external_manifest_audit.cpython-310.pyc,15064,3c65e7052ba398dc35fa1699b272c2a08385a71e941d61b2ea4137fac507e38c
scripts/__pycache__/58_posebench_public_prediction_audit.cpython-310.pyc,15240,8ca10299f042d91e3b7d0ffa3309a9d940fbffe1e9ed4a8e89490dd78785245f
scripts/__pycache__/59_posebench_external_selection.cpython-310.pyc,21008,b17c97cfeab3933ca0456c45298b5731bb2dec241c2f265209633b2fcb37152c
scripts/__pycache__/60_calibration_bound_selective_risk_control.cpython-310.pyc,11092,e78872bc39e23b0202e70eee7b32adb6fda9fa382038517e391a3ca82479754b
scripts/__pycache__/61_evidence_fusion_method.cpython-310.pyc,15196,f42d7cfc6edfbf17fe238a6277dbd03a8dfc0afe796884a590a4a28c8d10b8e7
scripts/__pycache__/62_posebench_full_external_702.cpython-310.pyc,12464,437586d2b5fd5709649475e63c0eabc5e9bba23fa20c7a580102fe1bd9c62e6e
scripts/__pycache__/63_posex_cd_stress_protocol.cpython-310.pyc,12797,6f0a60aa4edc8aa4c8b273f2e5fbf99cb4154f46d01ae30e3912a3a4521cd23f
scripts/__pycache__/64_main_case_taxonomy.cpython-310.pyc,8322,2b92f51e5072b47fc86a02353e65ccb510fcfb9b34e66d69803d82aa1cbf66b4
scripts/__pycache__/67_posebench_full_coverage_hybrid_702.cpython-310.pyc,10300,52d7210a3be6675c4407e185264f53c0b1999970e04549e3764a17324fc78bb2
scripts/__pycache__/67_run_posebench_vina_case.cpython-310.pyc,20909,2b99a8fc21c3be0e4855c28e72efed38b8841c9485b0c8be3e09d8a7b1440ad7
scripts/__pycache__/68_posex_vina_baseline.cpython-310.pyc,16267,9ea60fc37886f1c3a4c91239c600a7b71c0909d64ec952a73e9fd0bee5542aac
scripts/__pycache__/68_run_posebench_diffdock_case.cpython-310.pyc,9263,becb7cfb449f030b1b18dc7128d902ca0e409b595fb9a560d2ce40d6daa9e1df
scripts/__pycache__/69_run_posebench_boltz_case.cpython-310.pyc,14854,63ca70b563a0ee62b56e14dda3c0212fd0c97acf915bf3206f4371e73f597729
scripts/__pycache__/70_run_posebench_chai_case.cpython-310.pyc,17447,f05a721196e92e6fab2794958b0027aba546a56767419c0e1b8d9ed8834f4234
scripts/__pycache__/71_case_figure_readiness.cpython-310.pyc,9597,2e738ab4611a2d3684b99352db25a047e8469bbf5ab336d51667e5fa8436191e
scripts/__pycache__/72_posex_cd_vina_stress_analysis.cpython-310.pyc,6319,cdc1954bb9c74bd8e88e34cc2255dc207432057dae4e9d0653695b826e85256d
scripts/__pycache__/73_case_figure_contact_sheet.cpython-310.pyc,6203,5e881c2a0fdd8927da8508e7f8f279dcda241fadc61cd6ef3b4ed3e431c910c7
scripts/__pycache__/74_posebench_boltz_smoke_audit.cpython-310.pyc,6931,841e00b2be3082f7865c974944230992f16a388afd6bf5b6aeaa12ee1398a2e2
scripts/__pycache__/75_launch_boltz_smoke_batch.cpython-310.pyc,2627,92307f4efcbf0ef966d3f59f7d06f4ffe83ea1ba6a1984923cc795892e92b318
scripts/__pycache__/76_posebench_diffdock_smoke_audit.cpython-310.pyc,6719,8ea5df8665ffc892bf2effb812388d7c2567f8a9b0fb0ddc0d126f463b28e8d0
scripts/__pycache__/77_launch_posebench_diffdock_queue.cpython-310.pyc,4977,225c7c0478cf496601d775c9b67f654b0707664f408a07d4b135f1d674439b68
scripts/__pycache__/78_posebench_diffdock_failure_audit.cpython-310.pyc,8769,bc3a2ac9a0d75a46df7755fbfc40eaba089f04467226ddd6d8cf389685739774
scripts/__pycache__/79_run_posex_diffdock_case.cpython-310.pyc,10160,af81518f57965c120daffd20c770e2b0c36c038969b2cad552dfbb8bb38fbe21
scripts/__pycache__/80_posex_diffdock_audit.cpython-310.pyc,6381,a33b100d56fd633321e53262a3f525f5549be9d8d901d84e99fe3c1e0c078e1d
scripts/__pycache__/81_launch_posex_diffdock_queue.cpython-310.pyc,4065,a6b927718e2fee5d3c02758af5c6587b03ea82ab747cc4ba61aa8765b3217263
scripts/__pycache__/82_launch_posebench_boltz_queue.cpython-310.pyc,5329,2acf8aa179fa24ebbfd303ecf604fe491a15d03961aebd40bc320699a47bfd35
scripts/__pycache__/84_launch_posebench_boltz_queue_gpuaware.cpython-310.pyc,8492,5132117d36993ae9795993a111d7301bde0edf29aef5ff660a3cac828bfa39e1
scripts/__pycache__/85_posebench_boltz_failure_audit.cpython-310.pyc,5788,83536dff1ccf93d8c6e5bab8f9024a67ee9b50fd98fe33237e74996ca1be3d88
scripts/__pycache__/86_posebench_boltz_drift_taxonomy.cpython-310.pyc,7669,22e638b803afd6d2cdecb351a3da368d76a5dac231f1200fd89e66bf9fdaf2c8
scripts/__pycache__/87_external_controlled_baseline_meta.cpython-310.pyc,17102,f85293dd2b16d6d1935b4aee290116d828738b76021dfcf27fc0fa55979097b7
scripts/__pycache__/87_posebench_chai_readiness_audit.cpython-310.pyc,9753,1bb9a11f8a15bfce42bea1c5b05557ab32cce03d85839182ea66a83faee235aa
scripts/__pycache__/88_claim_evidence_risk_register.cpython-310.pyc,11401,11f05e3a6d25552822b31b9de35bdebfc4cf5a0457b13d30a375a6fb163d33e6
scripts/__pycache__/89_trans_main_table_package.cpython-310.pyc,11741,6c9d77ab287a89c2dcfbc0e8fa60c56a9e2b543ceacd5713928953447b35fa1a
scripts/__pycache__/90_launch_posebench_chai_queue_gpuaware.cpython-310.pyc,8458,a022d764d41206fad3e4e6b176833dd0441a123d6a2bf5bda0d82f6cfa6726e3
scripts/__pycache__/91_gpu_recovery_autorun_queue.cpython-310.pyc,6983,96ee4b4010d58fc9f6ddfca2414dd1a628fccf485bb745845cf01a80d319b602
scripts/__pycache__/93_gpu_recovery_canary_audit.cpython-310.pyc,6842,65935ec4761e7ee495516de3d8b282d8348b4470c3991a16ca4a518a2134f21e
scripts/__pycache__/94_posebench_chai_failure_audit.cpython-310.pyc,7050,1e94328c8f37773bf9520bfb1334c54e93b3dc205246ad2801b2b13462956038
scripts/__pycache__/95_launch_posebench_chai_failure_retry.cpython-310.pyc,6406,9f61f88a0ab4bfff1244b1caa0300c3ba275aaf53729ce176fd860d932baebc9
scripts/__pycache__/96_posebench_chai_metric_audit.cpython-310.pyc,15746,a673e018922310a1d0b2da0a88a5d9a93a8718b6a96419cc014c9daca658724b
scripts/__pycache__/97_chai_rescue_waterfall.cpython-310.pyc,5836,08c53f874d089d4d3fa5a28c6f6cdc015546c5d58f55e736c1897ba39bbd3f77
scripts/__pycache__/98_posebench_chai_symmetry_metric_refinement.cpython-310.pyc,15142,edfeeb3635fcd9c1d366e2b7da8b4f2b3c14fa042a14ee41d260558c0eb92c02
scripts/__pycache__/scripts_compat.cpython-310.pyc,3028,bb87521c93d0f57f7e08d6afc3397e65c47d3d01827885826d1aba977a3f3726
scripts/scripts_compat.py,3025,4946b59ccf74da308f9b3a5a64a7c6f57f2b09777e024b8dd99f7a3ea54759fc
