selector,method,similarity_bin,n,success,median_rmsd,pb_valid_all,mean_reference_neighborhood_similarity,pair_auroc,pair_auprc,official_success,delta_vs_official
official_ranking,all_methods,all,4727,0.6244975671673366,1.109410047531128,0.6682938735660239,0.6742088057849303,,,0.6244975671673366,0.0
official_ranking,all_methods,high,2100,0.8885714285714286,0.4438283741474151,0.7566666666666667,0.9392622346509136,,,0.8885714285714286,0.0
official_ranking,all_methods,low,528,0.1382575757575757,8.14870548248291,0.4124748490945674,0.2680201538600677,,,0.1382575757575757,0.0
official_ranking,all_methods,mid,2099,0.4826107670319199,2.0988357067108154,0.6505555555555556,0.5112051886328396,,,0.4826107670319199,0.0
oracle_min_rmsd,all_methods,all,4727,0.7141950497144066,0.7500402331352234,0.7729468599033816,0.6742088057849303,,,0.6244975671673366,0.08969748254707
oracle_min_rmsd,all_methods,high,2100,0.9395238095238096,0.3342788368463516,0.9102564102564102,0.9392622346509136,,,0.8885714285714286,0.05095238095238108
oracle_min_rmsd,all_methods,low,528,0.231060606060606,5.001321315765381,0.68,0.2680201538600677,,,0.1382575757575757,0.0928030303030303
oracle_min_rmsd,all_methods,mid,2099,0.6102906145783706,1.3267371654510498,0.6923076923076923,0.5112051886328396,,,0.4826107670319199,0.12767984754645073
pair_rank_ordinary_thr0.5,all_methods,all,4727,0.6143431351808758,1.166992425918579,0.6959165942658557,0.6742088057849301,0.5983269164692225,0.0357460129689925,0.6244975671673366,-0.010154431986460821
pair_rank_ordinary_thr0.5,all_methods,high,2100,0.8828571428571429,0.4510284513235092,0.7668202764976959,0.939262234650914,0.5983269164692225,0.0357460129689925,0.8885714285714286,-0.005714285714285672
pair_rank_ordinary_thr0.5,all_methods,low,528,0.1212121212121212,8.319469451904297,0.4795081967213114,0.2680201538600677,0.5983269164692225,0.0357460129689925,0.1382575757575757,-0.01704545454545449
pair_rank_ordinary_thr0.5,all_methods,mid,2099,0.4697474988089566,2.1827800273895264,0.671120246659815,0.5112051886328398,0.5983269164692225,0.0357460129689925,0.4826107670319199,-0.012863268222963298
pair_rank_confidence_ordinary_thr0.5,all_methods,all,4727,0.6225936111698752,1.141711711883545,0.6966824644549763,0.6742088057849301,0.6977889954318497,0.0827875437406646,0.6244975671673366,-0.001903955997461404
pair_rank_confidence_ordinary_thr0.5,all_methods,high,2100,0.8895238095238095,0.4465191066265106,0.7744262295081967,0.939262234650914,0.6977889954318497,0.0827875437406646,0.8885714285714286,0.0009523809523809268
pair_rank_confidence_ordinary_thr0.5,all_methods,low,528,0.1439393939393939,8.052087783813477,0.4444444444444444,0.2680201538600677,0.6977889954318497,0.0827875437406646,0.1382575757575757,0.0056818181818182045
pair_rank_confidence_ordinary_thr0.5,all_methods,mid,2099,0.4759409242496427,2.140937805175781,0.6702371843917369,0.5112051886328398,0.6977889954318497,0.0827875437406646,0.4826107670319199,-0.006669842782277224
pair_rank_structure_ordinary_thr0.5,all_methods,all,4727,0.63063253649249,1.0951135158538818,0.6943722943722944,0.6742088057849301,0.7748355071085815,0.1845717336061616,0.6244975671673366,0.006134969325153339
pair_rank_structure_ordinary_thr0.5,all_methods,high,2100,0.89,0.4431633502244949,0.7794117647058824,0.939262234650914,0.7748355071085815,0.1845717336061616,0.8885714285714286,0.0014285714285714457
pair_rank_structure_ordinary_thr0.5,all_methods,low,528,0.1477272727272727,8.416561126708984,0.4318766066838046,0.2680201538600677,0.7748355071085815,0.1845717336061616,0.1382575757575757,0.009469696969697017
pair_rank_structure_ordinary_thr0.5,all_methods,mid,2099,0.4926155312053358,2.055450916290283,0.6689750692520776,0.5112051886328398,0.7748355071085815,0.1845717336061616,0.4826107670319199,0.010004764173415892
pair_rank_structure_low_similarity_thr0.5,all_methods,all,4727,0.6329595938227205,1.106181263923645,0.6829947119398831,0.6742088057849301,0.7730806459491144,0.1884272026751104,0.6244975671673366,0.00846202665538387
pair_rank_structure_low_similarity_thr0.5,all_methods,high,2100,0.8923809523809524,0.4436071962118149,0.7780458383594693,0.939262234650914,0.7730806459491144,0.1884272026751104,0.8885714285714286,0.003809523809523818
pair_rank_structure_low_similarity_thr0.5,all_methods,low,528,0.1571969696969697,8.074556350708008,0.4236902050113895,0.2680201538600677,0.7730806459491144,0.1884272026751104,0.1382575757575757,0.018939393939394006
pair_rank_structure_low_similarity_thr0.5,all_methods,mid,2099,0.4930919485469271,2.055450916290283,0.6537433155080213,0.5112051886328398,0.7730806459491144,0.1884272026751104,0.4826107670319199,0.01048118151500721
pair_rank_structure_memory_ordinary_thr0.5,all_methods,all,4727,0.633805796488259,1.0816150903701782,0.6839863713798978,0.6742088057849301,0.790406159608952,0.2009899091234392,0.6244975671673366,0.009308229320922345
pair_rank_structure_memory_ordinary_thr0.5,all_methods,high,2100,0.8914285714285715,0.4436071962118149,0.7712066905615292,0.939262234650914,0.790406159608952,0.2009899091234392,0.8885714285714286,0.0028571428571428914
pair_rank_structure_memory_ordinary_thr0.5,all_methods,low,528,0.1515151515151515,8.052087783813477,0.4183006535947712,0.2680201538600677,0.790406159608952,0.2009899091234392,0.1382575757575757,0.013257575757575801
pair_rank_structure_memory_ordinary_thr0.5,all_methods,mid,2099,0.4973797046212482,2.0146636962890625,0.6666666666666666,0.5112051886328398,0.790406159608952,0.2009899091234392,0.4826107670319199,0.01476893758932829
pair_rank_structure_memory_low_similarity_thr0.5,all_methods,all,4727,0.63063253649249,1.0808590650558472,0.6848606722206263,0.6742088057849301,0.8012792752901445,0.201374471958815,0.6244975671673366,0.006134969325153339
pair_rank_structure_memory_low_similarity_thr0.5,all_methods,high,2100,0.8885714285714286,0.4438283741474151,0.7785317705120296,0.939262234650914,0.8012792752901445,0.201374471958815,0.8885714285714286,0.0
pair_rank_structure_memory_low_similarity_thr0.5,all_methods,low,528,0.1553030303030303,8.14870548248291,0.4122621564482029,0.2680201538600677,0.8012792752901445,0.201374471958815,0.1382575757575757,0.017045454545454614
pair_rank_structure_memory_low_similarity_thr0.5,all_methods,mid,2099,0.4921391138637446,2.058554649353028,0.6683489545782264,0.5112051886328398,0.8012792752901445,0.201374471958815,0.4826107670319199,0.009528346831824686
