threshold,objective,primary,secondary,tertiary,selector,outer_fold,chosen_threshold
0.02,low_success,0.12246520684753132,0.6040741999504886,-0.3959258000495114,nested_pair_rank_structure_antimemory_low_success,0,0.6
0.05,low_success,0.12246520684753132,0.6069836234784688,-0.39301637652153115,nested_pair_rank_structure_antimemory_low_success,0,0.6
0.1,low_success,0.12703484691012912,0.6088352655362964,-0.3911647344637035,nested_pair_rank_structure_antimemory_low_success,0,0.6
0.2,low_success,0.13414901623481348,0.6167703049146348,-0.38322969508536514,nested_pair_rank_structure_antimemory_low_success,0,0.6
0.3,low_success,0.13884385191556464,0.6204740086183386,-0.3795259913816615,nested_pair_rank_structure_antimemory_low_success,0,0.6
0.4,low_success,0.14373579901802674,0.6276147678209534,-0.3723852321790466,nested_pair_rank_structure_antimemory_low_success,0,0.6
0.5,low_success,0.14608321685840234,0.6278799474675764,-0.3721200525324237,nested_pair_rank_structure_antimemory_low_success,0,0.6
0.6,low_success,0.14608321685840234,0.6281442879381024,-0.37185571206189766,nested_pair_rank_structure_antimemory_low_success,0,0.6
0.7,low_success,0.14608321685840234,0.6268227953794964,-0.3731772046205036,nested_pair_rank_structure_antimemory_low_success,0,0.6
0.02,low_success,0.1320519896307446,0.6064555719194894,-0.39354442808051054,nested_pair_rank_structure_memory_antimemory_low_success,0,0.4
0.05,low_success,0.13681874111505335,0.6085711348597947,-0.39142886514020536,nested_pair_rank_structure_memory_antimemory_low_success,0,0.4
0.1,low_success,0.14138838117765115,0.6122742091814257,-0.3877257908185743,nested_pair_rank_structure_memory_antimemory_low_success,0,0.4
0.2,low_success,0.14608321685840234,0.6204731694422416,-0.3795268305577584,nested_pair_rank_structure_memory_antimemory_low_success,0,0.4
0.3,low_success,0.1509751639608644,0.6249701043515477,-0.37502989564845235,nested_pair_rank_structure_memory_antimemory_low_success,0,0.4
0.4,low_success,0.1509751639608644,0.6257637551451984,-0.37423624485480156,nested_pair_rank_structure_memory_antimemory_low_success,0,0.4
0.5,low_success,0.14608321685840234,0.6273508469384758,-0.3726491530615242,nested_pair_rank_structure_memory_antimemory_low_success,0,0.4
0.6,low_success,0.14608321685840234,0.6265586647029946,-0.3734413352970054,nested_pair_rank_structure_memory_antimemory_low_success,0,0.4
0.7,low_success,0.14608321685840234,0.627351895908597,-0.3726481040914031,nested_pair_rank_structure_memory_antimemory_low_success,0,0.4
0.02,all_success,0.6030162086863117,0.12474070888434935,-0.3969837913136882,nested_pair_rank_structure_memory_ordinary_all_success,0,0.7
0.05,all_success,0.6067190732139186,0.138969047533718,-0.39328092678608145,nested_pair_rank_structure_memory_ordinary_all_success,0,0.7
0.1,all_success,0.6135959115340559,0.14595802124024895,-0.3864040884659441,nested_pair_rank_structure_memory_ordinary_all_success,0,0.7
0.2,all_success,0.6180924268553135,0.14830543908062455,-0.38190757314468654,nested_pair_rank_structure_memory_ordinary_all_success,0,0.7
0.3,all_success,0.6223250212940935,0.14608321685840234,-0.37767497870590655,nested_pair_rank_structure_memory_ordinary_all_success,0,0.7
0.4,all_success,0.626557196144825,0.14843063469877793,-0.373442803855175,nested_pair_rank_structure_memory_ordinary_all_success,0,0.7
0.5,all_success,0.6270860868799013,0.14353868759631583,-0.3729139131200987,nested_pair_rank_structure_memory_ordinary_all_success,0,0.7
0.6,all_success,0.627085877085877,0.14353868759631583,-0.3729141229141229,nested_pair_rank_structure_memory_ordinary_all_success,0,0.7
0.7,all_success,0.6281447075261508,0.14353868759631583,-0.3718552924738492,nested_pair_rank_structure_memory_ordinary_all_success,0,0.7
0.02,low_success,0.13723668757225804,0.6072418799222924,-0.39275812007770766,nested_pair_rank_structure_antimemory_low_success,1,0.6
0.05,low_success,0.13723668757225804,0.6096224127151962,-0.3903775872848037,nested_pair_rank_structure_antimemory_low_success,1,0.6
0.1,low_success,0.13723668757225804,0.6133252772428031,-0.38667472275719694,nested_pair_rank_structure_antimemory_low_success,1,0.6
0.2,low_success,0.14201419234976284,0.6180867624166594,-0.38191323758334067,nested_pair_rank_structure_antimemory_low_success,1,0.6
0.3,low_success,0.14428156038894294,0.619673224827864,-0.380326775172136,nested_pair_rank_structure_antimemory_low_success,1,0.6
0.4,low_success,0.14877094910651958,0.622053757620768,-0.3779462423792321,nested_pair_rank_structure_antimemory_low_success,1,0.6
0.5,low_success,0.15100808557184398,0.6265496435599528,-0.37345035644004715,nested_pair_rank_structure_antimemory_low_success,1,0.6
0.6,low_success,0.15605859062234903,0.6289295469707841,-0.37107045302921593,nested_pair_rank_structure_antimemory_low_success,1,0.6
0.7,low_success,0.15380633837009675,0.6270785342950291,-0.37292146570497087,nested_pair_rank_structure_antimemory_low_success,1,0.6
0.02,low_success,0.14428156038894294,0.6141193476245023,-0.3858806523754977,nested_pair_rank_structure_memory_antimemory_low_success,1,0.6
0.05,low_success,0.15102320135877184,0.6172926920349601,-0.3827073079650399,nested_pair_rank_structure_memory_antimemory_low_success,1,0.6
0.1,low_success,0.15326033782409623,0.6188799936222616,-0.3811200063777383,nested_pair_rank_structure_memory_antimemory_low_success,1,0.6
0.2,low_success,0.15354845388402436,0.6220533380327194,-0.3779466619672805,nested_pair_rank_structure_memory_antimemory_low_success,1,0.6
0.3,low_success,0.15605859062234903,0.6262853030894268,-0.3737146969105732,nested_pair_rank_structure_memory_antimemory_low_success,1,0.6
0.4,low_success,0.15605859062234903,0.6281352667950606,-0.3718647332049394,nested_pair_rank_structure_memory_antimemory_low_success,1,0.6
0.5,low_success,0.15605859062234903,0.6302514591174385,-0.36974854088256154,nested_pair_rank_structure_memory_antimemory_low_success,1,0.6
0.6,low_success,0.15605859062234903,0.6313096601756395,-0.36869033982436045,nested_pair_rank_structure_memory_antimemory_low_success,1,0.6
0.7,low_success,0.15605859062234903,0.6297231977644349,-0.37027680223556514,nested_pair_rank_structure_memory_antimemory_low_success,1,0.6
0.02,all_success,0.6075066399808668,0.1400651719443666,-0.39249336001913315,nested_pair_rank_structure_memory_ordinary_all_success,1,0.7
0.05,all_success,0.6114740547730239,0.1445696764488711,-0.3885259452269761,nested_pair_rank_structure_memory_ordinary_all_success,1,0.7
0.1,all_success,0.6143832685069799,0.15158431769170025,-0.3856167314930201,nested_pair_rank_structure_memory_ordinary_all_success,1,0.7
0.2,all_success,0.6199373555043658,0.1513113174187,-0.38006264449563415,nested_pair_rank_structure_memory_ordinary_all_success,1,0.7
0.3,all_success,0.6244328218555023,0.15608882219620476,-0.37556717814449775,nested_pair_rank_structure_memory_ordinary_all_success,1,0.7
0.4,all_success,0.6246967427379798,0.1538365699439525,-0.37530325726202013,nested_pair_rank_structure_memory_ordinary_all_success,1,0.7
0.5,all_success,0.6276059564719358,0.1538365699439525,-0.37239404352806416,nested_pair_rank_structure_memory_ordinary_all_success,1,0.7
0.6,all_success,0.6291932580592374,0.1560737064092769,-0.3708067419407626,nested_pair_rank_structure_memory_ordinary_all_success,1,0.7
0.7,all_success,0.6328963323808684,0.15156920190477238,-0.36710366761913155,nested_pair_rank_structure_memory_ordinary_all_success,1,0.7
0.02,low_success,0.12828015264076645,0.6139586454019444,-0.3860413545980556,nested_pair_rank_structure_antimemory_low_success,2,0.7
0.05,low_success,0.12828015264076645,0.6158100776657478,-0.3841899223342522,nested_pair_rank_structure_antimemory_low_success,2,0.7
0.1,low_success,0.12821012462956197,0.617396959665001,-0.3826030403349991,nested_pair_rank_structure_antimemory_low_success,2,0.7
0.2,low_success,0.13073214793163643,0.6189834220762056,-0.3810165779237944,nested_pair_rank_structure_antimemory_low_success,2,0.7
0.3,low_success,0.13300755084642554,0.624270860868799,-0.375729139131201,nested_pair_rank_structure_antimemory_low_success,2,0.7
0.4,low_success,0.13062659846547317,0.6261216637505297,-0.37387833624947026,nested_pair_rank_structure_antimemory_low_success,2,0.7
0.5,low_success,0.13300755084642554,0.6263866336031284,-0.37361336639687154,nested_pair_rank_structure_antimemory_low_success,2,0.7
0.6,low_success,0.13783948361953477,0.6292945885729391,-0.3707054114270609,nested_pair_rank_structure_antimemory_low_success,2,0.7
0.7,low_success,0.14029046401169162,0.629030248102413,-0.37096975189758696,nested_pair_rank_structure_antimemory_low_success,2,0.7
0.02,low_success,0.12821012462956197,0.6086714164033752,-0.39132858359662476,nested_pair_rank_structure_memory_antimemory_low_success,2,0.3
0.05,low_success,0.12337819185645271,0.608406866138825,-0.39159313386117506,nested_pair_rank_structure_memory_antimemory_low_success,2,0.3
0.1,low_success,0.13776844070961716,0.6155461567832702,-0.38445384321672976,nested_pair_rank_structure_memory_antimemory_low_success,2,0.3
0.2,low_success,0.14512138188608775,0.6197770728698564,-0.3802229271301436,nested_pair_rank_structure_memory_antimemory_low_success,2,0.3
0.3,low_success,0.14512138188608775,0.6234780492512452,-0.3765219507487549,nested_pair_rank_structure_memory_antimemory_low_success,2,0.3
0.4,low_success,0.1427059229488897,0.624271700044896,-0.3757282999551041,nested_pair_rank_structure_memory_antimemory_low_success,2,0.3
0.5,low_success,0.14025494255673282,0.6263868433971527,-0.37361315660284733,nested_pair_rank_structure_memory_antimemory_low_success,2,0.3
0.6,low_success,0.14025494255673282,0.6271798648087308,-0.3728201351912692,nested_pair_rank_structure_memory_antimemory_low_success,2,0.3
0.7,low_success,0.1427059229488897,0.6282374364848592,-0.37176256351514086,nested_pair_rank_structure_memory_antimemory_low_success,2,0.3
0.02,all_success,0.6091998875504031,0.13062659846547317,-0.390800112449597,nested_pair_rank_structure_memory_ordinary_all_success,2,0.7
0.05,all_success,0.6113154504907082,0.13062659846547317,-0.3886845495092918,nested_pair_rank_structure_memory_ordinary_all_success,2,0.7
0.1,all_success,0.6158094482836751,0.13318211342508016,-0.3841905517163249,nested_pair_rank_structure_memory_ordinary_all_success,2,0.7
0.2,all_success,0.6218924260161374,0.13794401818698496,-0.37810757398386263,nested_pair_rank_structure_memory_ordinary_all_success,2,0.7
0.3,all_success,0.625856693897931,0.15009337068160597,-0.374143306102069,nested_pair_rank_structure_memory_ordinary_all_success,2,0.7
0.4,all_success,0.6250645116624498,0.14519140989729226,-0.3749354883375502,nested_pair_rank_structure_memory_ordinary_all_success,2,0.7
0.5,all_success,0.6271802843967792,0.14032497056793733,-0.37281971560322075,nested_pair_rank_structure_memory_ordinary_all_success,2,0.7
0.6,all_success,0.6290306676904615,0.14032497056793733,-0.3709693323095385,nested_pair_rank_structure_memory_ordinary_all_success,2,0.7
0.7,all_success,0.6292950081609875,0.14032497056793733,-0.37070499183901245,nested_pair_rank_structure_memory_ordinary_all_success,2,0.7
0.02,low_success,0.13172022597309954,0.6041816144908928,-0.39581838550910714,nested_pair_rank_structure_antimemory_low_success,3,0.7
0.05,low_success,0.13172022597309954,0.606297177431198,-0.39370282256880196,nested_pair_rank_structure_antimemory_low_success,3,0.7
0.1,low_success,0.12942137539838688,0.6105274641357116,-0.3894725358642885,nested_pair_rank_structure_antimemory_low_success,3,0.7
0.2,low_success,0.13193710952331641,0.6166091831040285,-0.3833908168959715,nested_pair_rank_structure_antimemory_low_success,3,0.7
0.3,low_success,0.14602418510464488,0.6255994864242287,-0.3744005135757713,nested_pair_rank_structure_antimemory_low_success,3,0.7
0.4,low_success,0.14360164762463612,0.6277154689525823,-0.37228453104741766,nested_pair_rank_structure_antimemory_low_success,3,0.7
0.5,low_success,0.14585389987688838,0.6306238435104414,-0.36937615648955857,nested_pair_rank_structure_antimemory_low_success,3,0.7
0.6,low_success,0.1504516010263137,0.6322107255096946,-0.36778927449030546,nested_pair_rank_structure_antimemory_low_success,3,0.7
0.7,low_success,0.15275045160102632,0.6327394064507467,-0.3672605935492534,nested_pair_rank_structure_antimemory_low_success,3,0.7
0.02,low_success,0.1365348106727417,0.6060338859307932,-0.39396611406920684,nested_pair_rank_structure_memory_antimemory_low_success,3,0.4
0.05,low_success,0.1411791101446274,0.6086779200181263,-0.3913220799818738,nested_pair_rank_structure_memory_antimemory_low_success,3,0.4
0.1,low_success,0.15028131579855716,0.6131733863692627,-0.3868266136307374,nested_pair_rank_structure_memory_antimemory_low_success,3,0.4
0.2,low_success,0.15504930217573895,0.6192538465734342,-0.38074615342656576,nested_pair_rank_structure_memory_antimemory_low_success,3,0.4
0.3,low_success,0.15504930217573895,0.6240136533950967,-0.3759863466049033,nested_pair_rank_structure_memory_antimemory_low_success,3,0.4
0.4,low_success,0.15504930217573895,0.6287732504227349,-0.37122674957726504,nested_pair_rank_structure_memory_antimemory_low_success,3,0.4
0.5,low_success,0.15028131579855716,0.6285093295402574,-0.37149067045974266,nested_pair_rank_structure_memory_antimemory_low_success,3,0.4
0.6,low_success,0.15028131579855716,0.6311539930096631,-0.3688460069903369,nested_pair_rank_structure_memory_antimemory_low_success,3,0.4
0.7,low_success,0.15028131579855716,0.6306248924805625,-0.3693751075194374,nested_pair_rank_structure_memory_antimemory_low_success,3,0.4
0.02,all_success,0.607355168695375,0.1247931839885863,-0.39264483130462513,nested_pair_rank_structure_memory_ordinary_all_success,3,0.7
0.05,all_success,0.6097354916942547,0.13186002094048072,-0.39026450830574544,nested_pair_rank_structure_memory_ordinary_all_success,3,0.7
0.1,all_success,0.6150243990450176,0.1364111237674456,-0.38497560095498234,nested_pair_rank_structure_memory_ordinary_all_success,3,0.7
0.2,all_success,0.6211052788372377,0.14798246522384453,-0.3788947211627624,nested_pair_rank_structure_memory_ordinary_all_success,3,0.7
0.3,all_success,0.6240136533950967,0.1481993487740614,-0.3759863466049033,nested_pair_rank_structure_memory_ordinary_all_success,3,0.7
0.4,all_success,0.6277163081286793,0.15504930217573895,-0.37228369187132077,nested_pair_rank_structure_memory_ordinary_all_success,3,0.7
0.5,all_success,0.6311535734216146,0.15275045160102632,-0.36884642657838534,nested_pair_rank_structure_memory_ordinary_all_success,3,0.7
0.6,all_success,0.63194596545112,0.15028131579855716,-0.3680540345488799,nested_pair_rank_structure_memory_ordinary_all_success,3,0.7
0.7,all_success,0.6322109353037187,0.15028131579855716,-0.3677890646962812,nested_pair_rank_structure_memory_ordinary_all_success,3,0.7
0.02,low_success,0.13632541517763294,0.6086754024898354,-0.39132459751016446,nested_pair_rank_structure_antimemory_low_success,4,0.6
0.05,low_success,0.13632541517763294,0.6099977342245383,-0.3900022657754616,nested_pair_rank_structure_antimemory_low_success,4,0.6
0.1,low_success,0.1341181416859365,0.6118487469002932,-0.38815125309970666,nested_pair_rank_structure_antimemory_low_success,4,0.6
0.2,low_success,0.13425828603461565,0.620838630632445,-0.3791613693675549,nested_pair_rank_structure_antimemory_low_success,4,0.6
0.3,low_success,0.143647957396118,0.6226896433082,-0.37731035669179996,nested_pair_rank_structure_antimemory_low_success,4,0.6
0.4,low_success,0.13881297736668766,0.6269201398067378,-0.3730798601932623,nested_pair_rank_structure_antimemory_low_success,4,0.6
0.5,low_success,0.143647957396118,0.6306227945403203,-0.3693772054596797,nested_pair_rank_structure_antimemory_low_success,4,0.6
0.6,low_success,0.143647957396118,0.6319434479228293,-0.36805655207717064,nested_pair_rank_structure_antimemory_low_success,4,0.6
0.7,low_success,0.143647957396118,0.6308860860407252,-0.3691139139592748,nested_pair_rank_structure_antimemory_low_success,4,0.6
0.02,low_success,0.1244481816270759,0.6020656319625391,-0.3979343680374608,nested_pair_rank_structure_memory_antimemory_low_success,4,0.6
0.05,low_success,0.12693574381613063,0.6039166446382941,-0.39608335536170586,nested_pair_rank_structure_memory_antimemory_low_success,4,0.6
0.1,low_success,0.13191086819424006,0.6047100856379207,-0.39528991436207933,nested_pair_rank_structure_memory_antimemory_low_success,4,0.6
0.2,low_success,0.1389531217153668,0.6142288601051488,-0.3857711398948512,nested_pair_rank_structure_memory_antimemory_low_success,4,0.6
0.3,low_success,0.143647957396118,0.6224248832496255,-0.3775751167503745,nested_pair_rank_structure_memory_antimemory_low_success,4,0.6
0.4,low_success,0.14599537523649356,0.6285055532478213,-0.37149444675217874,nested_pair_rank_structure_memory_antimemory_low_success,4,0.6
0.5,low_success,0.14599537523649356,0.6322069492172585,-0.36779305078274155,nested_pair_rank_structure_memory_antimemory_low_success,4,0.6
0.6,low_success,0.14599537523649356,0.6327366791284317,-0.3672633208715683,nested_pair_rank_structure_memory_antimemory_low_success,4,0.6
0.7,low_success,0.14116039520706325,0.6314143473937288,-0.3685856526062712,nested_pair_rank_structure_memory_antimemory_low_success,4,0.6
0.02,all_success,0.6089397429603615,0.1292831616565062,-0.3910602570396384,nested_pair_rank_structure_memory_ordinary_all_success,4,0.7
0.05,all_success,0.6099977342245383,0.1292831616565062,-0.39000226577546165,nested_pair_rank_structure_memory_ordinary_all_success,4,0.7
0.1,all_success,0.6123778474293938,0.12458832597575503,-0.3876221525706061,nested_pair_rank_structure_memory_ordinary_all_success,4,0.7
0.2,all_success,0.6187226481040914,0.13425828603461565,-0.38127735189590856,nested_pair_rank_structure_memory_ordinary_all_success,4,0.7
0.3,all_success,0.6250672389847648,0.143647957396118,-0.37493276101523526,nested_pair_rank_structure_memory_ordinary_all_success,4,0.7
0.4,all_success,0.6271830117190942,0.143647957396118,-0.3728169882809058,nested_pair_rank_structure_memory_ordinary_all_success,4,0.7
0.5,all_success,0.6306202770120296,0.143647957396118,-0.36937972298797045,nested_pair_rank_structure_memory_ordinary_all_success,4,0.7
0.6,all_success,0.6319428185407566,0.14599537523649359,-0.3680571814592433,nested_pair_rank_structure_memory_ordinary_all_success,4,0.7
0.7,all_success,0.6324725484519299,0.14599537523649359,-0.36752745154807015,nested_pair_rank_structure_memory_ordinary_all_success,4,0.7
