selector,method,similarity_bin,n,success,median_rmsd,pb_valid_all,replacement_rate,eligible_rate
geometry_filter_clash_only,all_methods,all,4727,0.6247091178337212,1.096609354019165,0.6981386565956299,0.09287074254283902,0.9767294266976941
geometry_filter_clash_only,all_methods,high,2100,0.8914285714285715,0.4436071962118149,0.7697082557417753,0.09619047619047619,0.9676190476190476
geometry_filter_clash_only,all_methods,low,528,0.14583333333333334,8.098996639251709,0.4709976798143852,0.13446969696969696,0.9886363636363636
geometry_filter_clash_only,all_methods,mid,2099,0.4783230109575989,2.1189682483673096,0.6876876876876877,0.07908527870414483,0.9828489757027156
geometry_filter_clash_only,af3,all,697,0.6327116212338594,0.9998206496238708,0.7,0.1133428981348637,0.9870875179340028
geometry_filter_clash_only,af3,high,300,0.91,0.3315538167953491,0.7838827838827839,0.09,0.9866666666666667
geometry_filter_clash_only,af3,low,97,0.1958762886597938,6.997989654541016,0.4155844155844156,0.20618556701030927,0.9896907216494846
geometry_filter_clash_only,af3,mid,300,0.49666666666666665,2.0027053356170654,0.6962962962962963,0.10666666666666667,0.9866666666666667
geometry_filter_clash_only,af3_no_template,all,697,0.6441893830703013,0.9923554062843324,0.6634460547504025,0.11190817790530846,0.9842180774748924
geometry_filter_clash_only,af3_no_template,high,300,0.9266666666666666,0.34777654707431793,0.7408759124087592,0.08666666666666667,0.9866666666666667
geometry_filter_clash_only,af3_no_template,low,97,0.1958762886597938,7.541641712188721,0.38571428571428573,0.27835051546391754,1.0
geometry_filter_clash_only,af3_no_template,mid,300,0.5066666666666667,1.8622468709945679,0.6570397111913358,0.08333333333333333,0.9766666666666667
geometry_filter_clash_only,boltz,all,670,0.6104477611940299,1.2434899806976318,0.5470383275261324,0.15223880597014924,0.9537313432835821
geometry_filter_clash_only,boltz,high,300,0.8566666666666667,0.5935752093791962,0.6031746031746031,0.16,0.9466666666666667
geometry_filter_clash_only,boltz,low,70,0.1,8.46573257446289,0.29508196721311475,0.12857142857142856,0.9428571428571428
geometry_filter_clash_only,boltz,mid,300,0.48333333333333334,2.068337917327881,0.5517241379310345,0.15,0.9633333333333334
geometry_filter_clash_only,boltz1x,all,666,0.6201201201201201,1.1667418479919434,0.9162717219589257,0.04954954954954955,0.975975975975976
geometry_filter_clash_only,boltz1x,high,300,0.85,0.5390196144580841,0.927007299270073,0.08666666666666667,0.9666666666666667
geometry_filter_clash_only,boltz1x,low,66,0.06060606060606061,7.1792778968811035,0.8153846153846154,0.015151515151515152,1.0
geometry_filter_clash_only,boltz1x,mid,300,0.5133333333333333,1.9119031429290776,0.9285714285714286,0.02,0.98
geometry_filter_clash_only,boltz2,all,630,0.6936507936507936,0.9459085762500762,,0.05555555555555555,0.9873015873015873
geometry_filter_clash_only,boltz2,high,300,0.91,0.4376079589128494,,0.043333333333333335,0.98
geometry_filter_clash_only,boltz2,low,31,0.06451612903225806,8.908732414245605,,0.16129032258064516,1.0
geometry_filter_clash_only,boltz2,mid,299,0.5418060200668896,1.7600971460342407,,0.056856187290969896,0.9933110367892977
geometry_filter_clash_only,chai,all,680,0.5955882352941176,1.1583344340324402,0.6903225806451613,0.09411764705882353,0.9911764705882353
geometry_filter_clash_only,chai,high,300,0.8766666666666667,0.43165926635265345,0.806949806949807,0.13666666666666666,0.9966666666666667
geometry_filter_clash_only,chai,low,80,0.2125,9.581171989440918,0.5063291139240507,0.0125,0.9875
geometry_filter_clash_only,chai,mid,300,0.4166666666666667,2.5385701656341553,0.6347517730496454,0.07333333333333333,0.9866666666666667
geometry_filter_clash_only,protenix,all,687,0.5807860262008734,1.1995434761047363,0.6572769953051644,0.06986899563318777,0.9577874818049491
geometry_filter_clash_only,protenix,high,300,0.91,0.4483892470598221,0.7455197132616488,0.07,0.91
geometry_filter_clash_only,protenix,low,87,0.10344827586206896,11.975975036621094,0.4177215189873418,0.09195402298850575,1.0
geometry_filter_clash_only,protenix,mid,300,0.39,2.7204418182373047,0.6370106761565836,0.06333333333333334,0.9933333333333333
geometry_filter_contact_only,all_methods,all,4727,0.6249206685001057,1.1065059900283811,0.6682208588957055,0.005711867992384176,0.9993653480008462
geometry_filter_contact_only,all_methods,high,2100,0.8890476190476191,0.4438283741474151,0.7558528428093646,0.0038095238095238095,0.9985714285714286
geometry_filter_contact_only,all_methods,low,528,0.13825757575757575,8.074556350708008,0.4094650205761317,0.020833333333333332,1.0
geometry_filter_contact_only,all_methods,mid,2099,0.48308718437351117,2.092172384262085,0.6506963788300836,0.003811338732729871,1.0
geometry_filter_contact_only,af3,all,697,0.6355810616929699,0.9998206496238708,0.654178674351585,0.00430416068866571,1.0
geometry_filter_contact_only,af3,high,300,0.9066666666666666,0.330759197473526,0.761744966442953,0.006666666666666667,1.0
geometry_filter_contact_only,af3,low,97,0.18556701030927836,7.8910441398620605,0.3333333333333333,0.010309278350515464,1.0
geometry_filter_contact_only,af3,mid,300,0.51,1.9323796033859253,0.65,0.0,1.0
geometry_filter_contact_only,af3_no_template,all,697,0.6456241032998565,1.0129979848861694,0.6132756132756133,0.005738880918220947,1.0
geometry_filter_contact_only,af3_no_template,high,300,0.9233333333333333,0.34777654707431793,0.7181208053691275,0.006666666666666667,1.0
geometry_filter_contact_only,af3_no_template,low,97,0.17525773195876287,7.625801086425781,0.2736842105263158,0.020618556701030927,1.0
geometry_filter_contact_only,af3_no_template,mid,300,0.52,1.7920406460762024,0.6166666666666667,0.0,1.0
geometry_filter_contact_only,boltz,all,670,0.6059701492537314,1.2641462087631226,0.5015015015015015,0.005970149253731343,0.9985074626865672
geometry_filter_contact_only,boltz,high,300,0.85,0.5935752093791962,0.5719063545150501,0.0033333333333333335,0.9966666666666667
geometry_filter_contact_only,boltz,low,70,0.08571428571428572,7.857880353927612,0.2463768115942029,0.014285714285714285,1.0
geometry_filter_contact_only,boltz,mid,300,0.48333333333333334,2.0907338857650757,0.4899328859060403,0.006666666666666667,1.0
geometry_filter_contact_only,boltz1x,all,666,0.6201201201201201,1.1631397008895874,0.9200603318250377,0.0045045045045045045,1.0
geometry_filter_contact_only,boltz1x,high,300,0.85,0.5457308888435364,0.9331103678929766,0.0033333333333333335,1.0
geometry_filter_contact_only,boltz1x,low,66,0.06060606060606061,7.1792778968811035,0.8125,0.030303030303030304,1.0
geometry_filter_contact_only,boltz1x,mid,300,0.5133333333333333,1.9119031429290776,0.93,0.0,1.0
geometry_filter_contact_only,boltz2,all,630,0.6936507936507936,0.9397163987159728,,0.004761904761904762,1.0
geometry_filter_contact_only,boltz2,high,300,0.91,0.43619489669799805,,0.006666666666666667,1.0
geometry_filter_contact_only,boltz2,low,31,0.06451612903225806,8.908732414245605,,0.0,1.0
geometry_filter_contact_only,boltz2,mid,299,0.5418060200668896,1.7600971460342407,,0.0033444816053511705,1.0
geometry_filter_contact_only,chai,all,680,0.5926470588235294,1.1785191297531128,0.6859259259259259,0.007352941176470588,1.0
geometry_filter_contact_only,chai,high,300,0.8733333333333333,0.4541986435651779,0.8166666666666667,0.0,1.0
geometry_filter_contact_only,chai,low,80,0.2125,8.994784832000732,0.4935064935064935,0.0375,1.0
geometry_filter_contact_only,chai,mid,300,0.41333333333333333,2.505332827568054,0.6040268456375839,0.006666666666666667,1.0
geometry_filter_contact_only,protenix,all,687,0.5851528384279476,1.2028934955596924,0.6388888888888888,0.00727802037845706,0.9970887918486172
geometry_filter_contact_only,protenix,high,300,0.91,0.4405972957611084,0.7333333333333333,0.0,0.9933333333333333
geometry_filter_contact_only,protenix,low,87,0.10344827586206896,12.181598663330078,0.4,0.022988505747126436,1.0
geometry_filter_contact_only,protenix,mid,300,0.4,2.7012449502944946,0.6120401337792643,0.01,1.0
geometry_filter_relaxed,all_methods,all,4727,0.6259784218320288,1.1023919582366943,0.6940662727973286,0.0478104506029194,0.994711233340385
geometry_filter_relaxed,all_methods,high,2100,0.8923809523809524,0.4438283741474151,0.7720715522215811,0.03380952380952381,0.9933333333333333
geometry_filter_relaxed,all_methods,low,528,0.14583333333333334,8.02503252029419,0.45111111111111113,0.09090909090909091,0.990530303030303
geometry_filter_relaxed,all_methods,mid,2099,0.4802286803239638,2.1110801696777344,0.6789473684210526,0.050976655550262026,0.9971414959504526
geometry_filter_relaxed,af3,all,697,0.6370157819225251,1.0015875101089478,0.6890243902439024,0.06169296987087518,0.9985652797704447
geometry_filter_relaxed,af3,high,300,0.91,0.3315538167953491,0.7781569965870307,0.023333333333333334,1.0
geometry_filter_relaxed,af3,low,97,0.1958762886597938,7.8910441398620605,0.3950617283950617,0.16494845360824742,0.9896907216494846
geometry_filter_relaxed,af3,mid,300,0.5066666666666667,1.9716116189956665,0.6808510638297872,0.06666666666666667,1.0
geometry_filter_relaxed,af3_no_template,all,697,0.6470588235294118,1.0119236707687378,0.6589506172839507,0.0703012912482066,0.9971305595408895
geometry_filter_relaxed,af3_no_template,high,300,0.93,0.34777654707431793,0.7465277777777778,0.04,1.0
geometry_filter_relaxed,af3_no_template,low,97,0.1958762886597938,7.532651901245117,0.35064935064935066,0.20618556701030927,1.0
geometry_filter_relaxed,af3_no_template,mid,300,0.51,1.827164351940155,0.6537102473498233,0.056666666666666664,0.9933333333333333
geometry_filter_relaxed,boltz,all,670,0.6119402985074627,1.2638400793075562,0.5431893687707641,0.11044776119402985,0.9850746268656716
geometry_filter_relaxed,boltz,high,300,0.8633333333333333,0.5959227383136749,0.6059479553903345,0.10333333333333333,0.9833333333333333
geometry_filter_relaxed,boltz,low,70,0.1,8.029259443283081,0.2857142857142857,0.1,0.9571428571428572
geometry_filter_relaxed,boltz,mid,300,0.48,2.0921223163604736,0.5407407407407407,0.12,0.9933333333333333
geometry_filter_relaxed,boltz1x,all,666,0.6201201201201201,1.166130781173706,0.9206106870229007,0.016516516516516516,0.993993993993994
geometry_filter_relaxed,boltz1x,high,300,0.85,0.543581485748291,0.934931506849315,0.02666666666666667,0.99
geometry_filter_relaxed,boltz1x,low,66,0.06060606060606061,7.1792778968811035,0.8153846153846154,0.015151515151515152,1.0
geometry_filter_relaxed,boltz1x,mid,300,0.5133333333333333,1.9119031429290776,0.9295302013422819,0.006666666666666667,0.9966666666666667
geometry_filter_relaxed,boltz2,all,630,0.6936507936507936,0.9440368115901946,,0.01904761904761905,0.9968253968253968
geometry_filter_relaxed,boltz2,high,300,0.91,0.4376079589128494,,0.013333333333333334,0.9933333333333333
geometry_filter_relaxed,boltz2,low,31,0.06451612903225806,8.908732414245605,,0.03225806451612903,1.0
geometry_filter_relaxed,boltz2,mid,299,0.5418060200668896,1.7600971460342407,,0.023411371237458192,1.0
geometry_filter_relaxed,chai,all,680,0.5941176470588235,1.1785191297531128,0.6968325791855203,0.027941176470588237,0.9955882352941177
geometry_filter_relaxed,chai,high,300,0.8733333333333333,0.44372209906578064,0.8175675675675675,0.013333333333333334,0.9966666666666667
geometry_filter_relaxed,chai,low,80,0.2125,9.581171989440918,0.5063291139240507,0.0125,0.9875
geometry_filter_relaxed,chai,mid,300,0.4166666666666667,2.5385701656341553,0.625,0.04666666666666667,0.9966666666666667
geometry_filter_relaxed,protenix,all,687,0.5822416302765647,1.2028934955596924,0.6442451420029895,0.026200873362445413,0.9956331877729258
geometry_filter_relaxed,protenix,high,300,0.91,0.4405972957611084,0.735593220338983,0.016666666666666666,0.99
geometry_filter_relaxed,protenix,low,87,0.10344827586206896,11.975975036621094,0.38823529411764707,0.022988505747126436,1.0
geometry_filter_relaxed,protenix,mid,300,0.3933333333333333,2.7282696962356567,0.6262975778546713,0.03666666666666667,1.0
geometry_filter_strict,all_methods,all,4727,0.6251322191664904,1.094585657119751,0.6988312041315575,0.09964036386714618,0.9754601226993865
geometry_filter_strict,all_methods,high,2100,0.8919047619047619,0.4436071962118149,0.7698066126013724,0.10142857142857142,0.9647619047619047
geometry_filter_strict,all_methods,low,528,0.14583333333333334,8.074556350708008,0.47129186602870815,0.1590909090909091,0.9886363636363636
geometry_filter_strict,all_methods,mid,2099,0.4787994282991901,2.114299058914185,0.6875753920386007,0.08289661743687471,0.9828489757027156
geometry_filter_strict,af3,all,697,0.6341463414634146,0.9933506846427916,0.7012987012987013,0.11908177905308465,0.9870875179340028
geometry_filter_strict,af3,high,300,0.9133333333333333,0.3315538167953491,0.7851851851851852,0.1,0.9866666666666667
geometry_filter_strict,af3,low,97,0.1958762886597938,6.997989654541016,0.42105263157894735,0.21649484536082475,0.9896907216494846
geometry_filter_strict,af3,mid,300,0.49666666666666665,2.0027053356170654,0.6962962962962963,0.10666666666666667,0.9866666666666667
geometry_filter_strict,af3_no_template,all,697,0.6441893830703013,0.9778943061828612,0.6628849270664505,0.11764705882352941,0.9827833572453372
geometry_filter_strict,af3_no_template,high,300,0.9266666666666666,0.34777654707431793,0.7389705882352942,0.09333333333333334,0.9833333333333333
geometry_filter_strict,af3_no_template,low,97,0.1958762886597938,7.541641712188721,0.38235294117647056,0.29896907216494845,1.0
geometry_filter_strict,af3_no_template,mid,300,0.5066666666666667,1.8622468709945679,0.6570397111913358,0.08333333333333333,0.9766666666666667
geometry_filter_strict,boltz,all,670,0.6104477611940299,1.2434899806976318,0.5475352112676056,0.16119402985074627,0.9522388059701492
geometry_filter_strict,boltz,high,300,0.8566666666666667,0.5959227383136749,0.604,0.16666666666666666,0.9433333333333334
geometry_filter_strict,boltz,low,70,0.1,8.46573257446289,0.288135593220339,0.15714285714285714,0.9428571428571428
geometry_filter_strict,boltz,mid,300,0.48333333333333334,2.068337917327881,0.5521235521235521,0.15666666666666668,0.9633333333333334
geometry_filter_strict,boltz1x,all,666,0.6201201201201201,1.1667418479919434,0.9158730158730158,0.05405405405405406,0.975975975975976
geometry_filter_strict,boltz1x,high,300,0.85,0.5390196144580841,0.9267399267399268,0.09,0.9666666666666667
geometry_filter_strict,boltz1x,low,66,0.06060606060606061,7.1792778968811035,0.8095238095238095,0.045454545454545456,1.0
geometry_filter_strict,boltz1x,mid,300,0.5133333333333333,1.9119031429290776,0.9285714285714286,0.02,0.98
geometry_filter_strict,boltz2,all,630,0.6936507936507936,0.9459085762500762,,0.06190476190476191,0.9873015873015873
geometry_filter_strict,boltz2,high,300,0.91,0.4376079589128494,,0.05333333333333334,0.98
geometry_filter_strict,boltz2,low,31,0.06451612903225806,8.908732414245605,,0.16129032258064516,1.0
geometry_filter_strict,boltz2,mid,299,0.5418060200668896,1.7600971460342407,,0.06020066889632107,0.9933110367892977
geometry_filter_strict,chai,all,680,0.5955882352941176,1.1583344340324402,0.6895424836601307,0.10294117647058823,0.9897058823529412
geometry_filter_strict,chai,high,300,0.8766666666666667,0.43165926635265345,0.806949806949807,0.13666666666666666,0.9933333333333333
geometry_filter_strict,chai,low,80,0.2125,9.292529582977295,0.5066666666666667,0.0625,0.9875
geometry_filter_strict,chai,mid,300,0.4166666666666667,2.5385701656341553,0.6294964028776978,0.08,0.9866666666666667
geometry_filter_strict,protenix,all,687,0.5822416302765647,1.1644535064697266,0.660377358490566,0.07714701601164484,0.9534206695778749
geometry_filter_strict,protenix,high,300,0.91,0.4483892470598221,0.7455197132616488,0.07,0.9
geometry_filter_strict,protenix,low,87,0.10344827586206896,11.975975036621094,0.42857142857142855,0.11494252873563218,1.0
geometry_filter_strict,protenix,mid,300,0.3933333333333333,2.7012449502944946,0.6392857142857142,0.07333333333333333,0.9933333333333333
official_ranking,all_methods,all,4727,0.6244975671673366,1.109410047531128,0.6682938735660239,0.0,1.0
official_ranking,all_methods,high,2100,0.8885714285714286,0.4438283741474151,0.7566666666666667,0.0,1.0
official_ranking,all_methods,low,528,0.13825757575757575,8.14870548248291,0.4124748490945674,0.0,1.0
official_ranking,all_methods,mid,2099,0.48261076703191996,2.0988357067108154,0.6505555555555556,0.0,1.0
official_ranking,af3,all,697,0.6341463414634146,1.0004606246948242,0.6542324246771879,0.0,1.0
official_ranking,af3,high,300,0.9033333333333333,0.330759197473526,0.7633333333333333,0.0,1.0
official_ranking,af3,low,97,0.18556701030927836,7.8910441398620605,0.32989690721649484,0.0,1.0
official_ranking,af3,mid,300,0.51,1.9323796033859253,0.65,0.0,1.0
official_ranking,af3_no_template,all,697,0.6456241032998565,1.0154482126235962,0.6140602582496413,0.0,1.0
official_ranking,af3_no_template,high,300,0.9233333333333333,0.34777654707431793,0.72,0.0,1.0
official_ranking,af3_no_template,low,97,0.17525773195876287,7.625801086425781,0.27835051546391754,0.0,1.0
official_ranking,af3_no_template,mid,300,0.52,1.7920406460762024,0.6166666666666667,0.0,1.0
official_ranking,boltz,all,670,0.6059701492537314,1.2641462087631226,0.5029850746268657,0.0,1.0
official_ranking,boltz,high,300,0.85,0.5935752093791962,0.5733333333333334,0.0,1.0
official_ranking,boltz,low,70,0.08571428571428572,7.857880353927612,0.2571428571428571,0.0,1.0
official_ranking,boltz,mid,300,0.48333333333333334,2.0907338857650757,0.49,0.0,1.0
official_ranking,boltz1x,all,666,0.6201201201201201,1.1631397008895874,0.9204204204204204,0.0,1.0
official_ranking,boltz1x,high,300,0.85,0.5457308888435364,0.9333333333333333,0.0,1.0
official_ranking,boltz1x,low,66,0.06060606060606061,7.1792778968811035,0.8181818181818182,0.0,1.0
official_ranking,boltz1x,mid,300,0.5133333333333333,1.9119031429290776,0.93,0.0,1.0
official_ranking,boltz2,all,630,0.6936507936507936,0.9397163987159728,,0.0,1.0
official_ranking,boltz2,high,300,0.91,0.43619489669799805,,0.0,1.0
official_ranking,boltz2,low,31,0.06451612903225806,8.908732414245605,,0.0,1.0
official_ranking,boltz2,mid,299,0.5418060200668896,1.7600971460342407,,0.0,1.0
official_ranking,chai,all,680,0.5926470588235294,1.1785191297531128,0.6867647058823529,0.0,1.0
official_ranking,chai,high,300,0.8733333333333333,0.4541986435651779,0.8166666666666667,0.0,1.0
official_ranking,chai,low,80,0.2125,9.581171989440918,0.5,0.0,1.0
official_ranking,chai,mid,300,0.41333333333333333,2.505332827568054,0.6066666666666667,0.0,1.0
official_ranking,protenix,all,687,0.5836972343522562,1.206549048423767,0.636098981077147,0.0,1.0
official_ranking,protenix,high,300,0.91,0.4405972957611084,0.7333333333333333,0.0,1.0
official_ranking,protenix,low,87,0.10344827586206896,12.181598663330078,0.39080459770114945,0.0,1.0
official_ranking,protenix,mid,300,0.39666666666666667,2.7204418182373047,0.61,0.0,1.0
oracle_min_rmsd,all_methods,all,4727,0.7141950497144066,0.7500402331352234,0.7729468599033816,1.0,1.0
oracle_min_rmsd,all_methods,high,2100,0.9395238095238095,0.3342788368463516,0.9102564102564102,1.0,1.0
oracle_min_rmsd,all_methods,low,528,0.23106060606060605,5.001321315765381,0.68,1.0,1.0
oracle_min_rmsd,all_methods,mid,2099,0.6102906145783706,1.3267371654510498,0.6923076923076923,1.0,1.0
oracle_min_rmsd,af3,all,697,0.7546628407460545,0.633518397808075,0.7727272727272727,1.0,1.0
oracle_min_rmsd,af3,high,300,0.9733333333333334,0.26127198338508606,1.0,1.0,1.0
oracle_min_rmsd,af3,low,97,0.31958762886597936,4.353650093078613,0.6666666666666666,1.0,1.0
oracle_min_rmsd,af3,mid,300,0.6766666666666666,1.149610698223114,0.6363636363636364,1.0,1.0
oracle_min_rmsd,af3_no_template,all,697,0.7661406025824964,0.6139246821403503,0.7666666666666667,1.0,1.0
oracle_min_rmsd,af3_no_template,high,300,0.9833333333333333,0.2537378519773483,1.0,1.0,1.0
oracle_min_rmsd,af3_no_template,low,97,0.28865979381443296,4.001913070678711,0.6666666666666666,1.0,1.0
oracle_min_rmsd,af3_no_template,mid,300,0.7033333333333334,1.0336121320724487,0.5,1.0,1.0
oracle_min_rmsd,boltz,all,670,0.682089552238806,0.8665155172348022,0.6410256410256411,1.0,1.0
oracle_min_rmsd,boltz,high,300,0.9,0.48099832236766815,0.7333333333333333,1.0,1.0
oracle_min_rmsd,boltz,low,70,0.15714285714285714,5.111085891723633,0.5,1.0,1.0
oracle_min_rmsd,boltz,mid,300,0.5866666666666667,1.5168759226799011,0.6,1.0,1.0
oracle_min_rmsd,boltz1x,all,666,0.6756756756756757,0.8349789083003998,0.8793103448275862,1.0,1.0
oracle_min_rmsd,boltz1x,high,300,0.8833333333333333,0.46192237734794617,1.0,1.0,1.0
oracle_min_rmsd,boltz1x,low,66,0.15151515151515152,5.1327009201049805,0.7777777777777778,1.0,1.0
oracle_min_rmsd,boltz1x,mid,300,0.5833333333333334,1.4925705790519714,0.8387096774193549,1.0,1.0
oracle_min_rmsd,boltz2,all,630,0.7666666666666667,0.6751895844936371,,1.0,1.0
oracle_min_rmsd,boltz2,high,300,0.9466666666666667,0.3540731966495514,,1.0,1.0
oracle_min_rmsd,boltz2,low,31,0.1935483870967742,3.8177645206451416,,1.0,1.0
oracle_min_rmsd,boltz2,mid,299,0.6454849498327759,1.2372722625732422,,1.0,1.0
oracle_min_rmsd,chai,all,680,0.6794117647058824,0.7640203535556793,0.7837837837837838,1.0,1.0
oracle_min_rmsd,chai,high,300,0.93,0.2949099838733673,0.8666666666666667,1.0,1.0
oracle_min_rmsd,chai,low,80,0.2625,6.158359527587891,0.8,1.0,1.0
oracle_min_rmsd,chai,mid,300,0.54,1.6799092292785645,0.7058823529411765,1.0,1.0
oracle_min_rmsd,protenix,all,687,0.6754002911208151,0.7907001972198486,0.7142857142857143,1.0,1.0
oracle_min_rmsd,protenix,high,300,0.96,0.32111589610576624,0.8571428571428571,1.0,1.0
oracle_min_rmsd,protenix,low,87,0.1724137931034483,7.985792636871338,0.0,1.0,1.0
oracle_min_rmsd,protenix,mid,300,0.5366666666666666,1.7848669290542603,0.6923076923076923,1.0,1.0
physics_score_balanced,all_methods,all,4727,0.6244975671673366,1.0936570167541504,0.6919004764425623,0.08906283054791622,1.0
physics_score_balanced,all_methods,high,2100,0.8909523809523809,0.4409884661436081,0.7657075748678802,0.05238095238095238,1.0
physics_score_balanced,all_methods,low,528,0.14015151515151514,8.15257978439331,0.45539906103286387,0.17992424242424243,1.0
physics_score_balanced,all_methods,mid,2099,0.47975226298237256,2.1315879821777344,0.676773802304427,0.10290614578370652,1.0
physics_score_balanced,af3,all,697,0.6312769010043041,1.0004606246948242,0.6897637795275591,0.11477761836441894,1.0
physics_score_balanced,af3,high,300,0.9066666666666666,0.330759197473526,0.7770034843205574,0.05,1.0
physics_score_balanced,af3,low,97,0.1958762886597938,7.986755847930908,0.37662337662337664,0.26804123711340205,1.0
physics_score_balanced,af3,mid,300,0.49666666666666665,2.0027053356170654,0.6863468634686347,0.13,1.0
physics_score_balanced,af3_no_template,all,697,0.6456241032998565,0.9786425232887268,0.6487341772151899,0.1133428981348637,1.0
physics_score_balanced,af3_no_template,high,300,0.9266666666666666,0.3469553589820862,0.7295373665480427,0.07,1.0
physics_score_balanced,af3_no_template,low,97,0.1958762886597938,7.541641712188721,0.3466666666666667,0.26804123711340205,1.0
physics_score_balanced,af3_no_template,mid,300,0.51,1.827164351940155,0.6485507246376812,0.10666666666666667,1.0
physics_score_balanced,boltz,all,670,0.608955223880597,1.2638400793075562,0.5343137254901961,0.1044776119402985,1.0
physics_score_balanced,boltz,high,300,0.86,0.5899710953235626,0.5971223021582733,0.08,1.0
physics_score_balanced,boltz,low,70,0.08571428571428572,7.704009771347046,0.3050847457627119,0.18571428571428572,1.0
physics_score_balanced,boltz,mid,300,0.48,2.1087663173675537,0.52,0.11,1.0
physics_score_balanced,boltz1x,all,666,0.6171171171171171,1.1631397008895874,0.9182098765432098,0.03903903903903904,1.0
physics_score_balanced,boltz1x,high,300,0.8466666666666667,0.5457308888435364,0.9312714776632303,0.03,1.0
physics_score_balanced,boltz1x,low,66,0.06060606060606061,7.1792778968811035,0.8153846153846154,0.045454545454545456,1.0
physics_score_balanced,boltz1x,mid,300,0.51,1.9409211874008179,0.928082191780822,0.04666666666666667,1.0
physics_score_balanced,boltz2,all,630,0.6936507936507936,0.9370494186878204,,0.047619047619047616,1.0
physics_score_balanced,boltz2,high,300,0.91,0.43619489669799805,,0.016666666666666666,1.0
physics_score_balanced,boltz2,low,31,0.06451612903225806,8.908732414245605,,0.12903225806451613,1.0
physics_score_balanced,boltz2,mid,299,0.5418060200668896,1.7600971460342407,,0.07023411371237458,1.0
physics_score_balanced,chai,all,680,0.5926470588235294,1.1583344340324402,0.6995073891625616,0.12205882352941176,1.0
physics_score_balanced,chai,high,300,0.8766666666666667,0.4248180985450744,0.8165467625899281,0.08,1.0
physics_score_balanced,chai,low,80,0.2125,9.581171989440918,0.5,0.15,1.0
physics_score_balanced,chai,mid,300,0.41,2.589475631713867,0.6293436293436293,0.15666666666666668,1.0
physics_score_balanced,protenix,all,687,0.586608442503639,1.2028934955596924,0.6510903426791277,0.07714701601164484,1.0
physics_score_balanced,protenix,high,300,0.91,0.4440109133720398,0.7361111111111112,0.04,1.0
physics_score_balanced,protenix,low,87,0.08045977011494253,12.181598663330078,0.41025641025641024,0.12643678160919541,1.0
physics_score_balanced,protenix,mid,300,0.41,2.67610239982605,0.6304347826086957,0.1,1.0
physics_score_physics_heavy,all_methods,all,4727,0.6247091178337212,1.094585657119751,0.6998082717063818,0.1191030251745293,1.0
physics_score_physics_heavy,all_methods,high,2100,0.8919047619047619,0.43979211151599884,0.770205066344994,0.07523809523809524,1.0
physics_score_physics_heavy,all_methods,low,528,0.14015151515151514,8.27716588973999,0.4623115577889447,0.23674242424242425,1.0
physics_score_physics_heavy,all_methods,mid,2099,0.47927584564078135,2.130022048950196,0.6858934169278997,0.1333968556455455,1.0
physics_score_physics_heavy,af3,all,697,0.6312769010043041,1.006920576095581,0.6970684039087948,0.1449067431850789,1.0
physics_score_physics_heavy,af3,high,300,0.9066666666666666,0.3315538167953491,0.7809187279151943,0.06333333333333334,1.0
physics_score_physics_heavy,af3,low,97,0.1958762886597938,7.986755847930908,0.38028169014084506,0.32989690721649484,1.0
physics_score_physics_heavy,af3,mid,300,0.49666666666666665,2.0027053356170654,0.6923076923076923,0.16666666666666666,1.0
physics_score_physics_heavy,af3_no_template,all,697,0.6456241032998565,0.9786425232887268,0.6563517915309446,0.13916786226685796,1.0
physics_score_physics_heavy,af3_no_template,high,300,0.9266666666666666,0.3484057337045669,0.7362637362637363,0.09666666666666666,1.0
physics_score_physics_heavy,af3_no_template,low,97,0.1958762886597938,7.532651901245117,0.37681159420289856,0.32989690721649484,1.0
physics_score_physics_heavy,af3_no_template,mid,300,0.51,1.827164351940155,0.6470588235294118,0.12,1.0
physics_score_physics_heavy,boltz,all,670,0.608955223880597,1.2693835496902466,0.5477815699658704,0.14328358208955225,1.0
physics_score_physics_heavy,boltz,high,300,0.8633333333333333,0.5858943462371826,0.6090225563909775,0.12,1.0
physics_score_physics_heavy,boltz,low,70,0.08571428571428572,8.195139408111572,0.32142857142857145,0.22857142857142856,1.0
physics_score_physics_heavy,boltz,mid,300,0.4766666666666667,2.1238847970962524,0.5340909090909091,0.14666666666666667,1.0
physics_score_physics_heavy,boltz1x,all,666,0.6171171171171171,1.166130781173706,0.9184952978056427,0.05405405405405406,1.0
physics_score_physics_heavy,boltz1x,high,300,0.8466666666666667,0.5490756034851074,0.9305555555555556,0.04,1.0
physics_score_physics_heavy,boltz1x,low,66,0.06060606060606061,7.1792778968811035,0.8253968253968254,0.07575757575757576,1.0
physics_score_physics_heavy,boltz1x,mid,300,0.51,1.9409211874008179,0.926829268292683,0.06333333333333334,1.0
physics_score_physics_heavy,boltz2,all,630,0.6936507936507936,0.9370494186878204,,0.0746031746031746,1.0
physics_score_physics_heavy,boltz2,high,300,0.91,0.43619489669799805,,0.02666666666666667,1.0
physics_score_physics_heavy,boltz2,low,31,0.06451612903225806,8.908732414245605,,0.1935483870967742,1.0
physics_score_physics_heavy,boltz2,mid,299,0.5418060200668896,1.7600971460342407,,0.11036789297658862,1.0
physics_score_physics_heavy,chai,all,680,0.5970588235294118,1.1430792808532715,0.7020905923344948,0.17058823529411765,1.0
physics_score_physics_heavy,chai,high,300,0.88,0.42173223197460175,0.8136882129277566,0.13,1.0
physics_score_physics_heavy,chai,low,80,0.2125,9.581171989440918,0.46153846153846156,0.2375,1.0
physics_score_physics_heavy,chai,mid,300,0.4166666666666667,2.589475631713867,0.6463414634146342,0.19333333333333333,1.0
physics_score_physics_heavy,protenix,all,687,0.5836972343522562,1.1995434761047363,0.6624,0.10189228529839883,1.0
physics_score_physics_heavy,protenix,high,300,0.91,0.4440109133720398,0.7403508771929824,0.05,1.0
physics_score_physics_heavy,protenix,low,87,0.08045977011494253,12.757115364074709,0.4189189189189189,0.1724137931034483,1.0
physics_score_physics_heavy,protenix,mid,300,0.4033333333333333,2.6832669973373413,0.6466165413533834,0.13333333333333333,1.0
posebusters_or_geometry_filter,all_methods,all,4727,0.626401523164798,1.094291090965271,0.7119084763390535,0.06346519991537973,0.9896340173471546
posebusters_or_geometry_filter,all_methods,high,2100,0.8923809523809524,0.4440170228481293,0.7868284228769498,0.04047619047619048,0.9885714285714285
posebusters_or_geometry_filter,all_methods,low,528,0.14583333333333334,8.074556350708008,0.4812206572769953,0.14393939393939395,0.9886363636363636
posebusters_or_geometry_filter,all_methods,mid,2099,0.4811815150071463,2.092172384262085,0.6933096506808762,0.06622201048118151,0.9909480705097665
posebusters_or_geometry_filter,af3,all,697,0.6370157819225251,0.9933506846427916,0.7125,0.08177905308464849,0.9956958393113343
posebusters_or_geometry_filter,af3,high,300,0.9133333333333333,0.32889965176582336,0.7979094076655052,0.043333333333333335,0.9966666666666667
posebusters_or_geometry_filter,af3,low,97,0.1958762886597938,6.997989654541016,0.42105263157894735,0.21649484536082475,0.9896907216494846
posebusters_or_geometry_filter,af3,mid,300,0.5033333333333333,1.9820650815963745,0.703971119133574,0.07666666666666666,0.9966666666666667
posebusters_or_geometry_filter,af3_no_template,all,697,0.648493543758967,0.9778943061828612,0.6729559748427673,0.08751793400286945,0.9870875179340028
posebusters_or_geometry_filter,af3_no_template,high,300,0.93,0.3449619561433792,0.7526132404181185,0.043333333333333335,0.9866666666666667
posebusters_or_geometry_filter,af3_no_template,low,97,0.1958762886597938,7.541641712188721,0.391304347826087,0.28865979381443296,1.0
posebusters_or_geometry_filter,af3_no_template,mid,300,0.5133333333333333,1.817933201789856,0.6607142857142857,0.06666666666666667,0.9833333333333333
posebusters_or_geometry_filter,boltz,all,670,0.6104477611940299,1.2434899806976318,0.5673400673400674,0.12238805970149254,0.9731343283582089
posebusters_or_geometry_filter,boltz,high,300,0.8566666666666667,0.5959227383136749,0.6346863468634686,0.09666666666666666,0.9766666666666667
posebusters_or_geometry_filter,boltz,low,70,0.1,8.46573257446289,0.3,0.14285714285714285,0.9428571428571428
posebusters_or_geometry_filter,boltz,mid,300,0.48333333333333334,2.068337917327881,0.55893536121673,0.14333333333333334,0.9766666666666667
posebusters_or_geometry_filter,boltz1x,all,666,0.6201201201201201,1.1631397008895874,0.9204204204204204,0.0,0.9984984984984985
posebusters_or_geometry_filter,boltz1x,high,300,0.85,0.5457308888435364,0.9333333333333333,0.0,0.9966666666666667
posebusters_or_geometry_filter,boltz1x,low,66,0.06060606060606061,7.1792778968811035,0.8181818181818182,0.0,1.0
posebusters_or_geometry_filter,boltz1x,mid,300,0.5133333333333333,1.9119031429290776,0.93,0.0,1.0
posebusters_or_geometry_filter,boltz2,all,630,0.6936507936507936,0.9459085762500762,,0.06190476190476191,0.9873015873015873
posebusters_or_geometry_filter,boltz2,high,300,0.91,0.4376079589128494,,0.05333333333333334,0.98
posebusters_or_geometry_filter,boltz2,low,31,0.06451612903225806,8.908732414245605,,0.16129032258064516,1.0
posebusters_or_geometry_filter,boltz2,mid,299,0.5418060200668896,1.7600971460342407,,0.06020066889632107,0.9933110367892977
posebusters_or_geometry_filter,chai,all,680,0.5955882352941176,1.1583344340324402,0.710806697108067,0.03676470588235294,0.9926470588235294
posebusters_or_geometry_filter,chai,high,300,0.8766666666666667,0.44372209906578064,0.8305084745762712,0.016666666666666666,0.9966666666666667
posebusters_or_geometry_filter,chai,low,80,0.2125,9.581171989440918,0.5194805194805194,0.0375,0.9875
posebusters_or_geometry_filter,chai,mid,300,0.4166666666666667,2.5340676307678223,0.6385964912280702,0.056666666666666664,0.99
posebusters_or_geometry_filter,protenix,all,687,0.5836972343522562,1.1644535064697266,0.669218989280245,0.05240174672489083,0.992721979621543
posebusters_or_geometry_filter,protenix,high,300,0.91,0.44599728286266327,0.7560137457044673,0.03,0.9866666666666667
posebusters_or_geometry_filter,protenix,low,87,0.10344827586206896,11.975975036621094,0.4358974358974359,0.10344827586206896,1.0
posebusters_or_geometry_filter,protenix,mid,300,0.39666666666666667,2.6832669973373413,0.6443661971830986,0.06,0.9966666666666667
posebusters_valid_filter,all_methods,all,4727,0.6244975671673366,1.109410047531128,0.6682938735660239,0.0,0.5792257245610324
posebusters_valid_filter,all_methods,high,2100,0.8885714285714286,0.4438283741474151,0.7566666666666667,0.0,0.6485714285714286
posebusters_valid_filter,all_methods,low,528,0.13825757575757575,8.14870548248291,0.4124748490945674,0.0,0.38825757575757575
posebusters_valid_filter,all_methods,mid,2099,0.48261076703191996,2.0988357067108154,0.6505555555555556,0.0,0.5578847070033349
posebusters_valid_filter,af3,all,697,0.6341463414634146,1.0004606246948242,0.6542324246771879,0.0,0.6542324246771879
posebusters_valid_filter,af3,high,300,0.9033333333333333,0.330759197473526,0.7633333333333333,0.0,0.7633333333333333
posebusters_valid_filter,af3,low,97,0.18556701030927836,7.8910441398620605,0.32989690721649484,0.0,0.32989690721649484
posebusters_valid_filter,af3,mid,300,0.51,1.9323796033859253,0.65,0.0,0.65
posebusters_valid_filter,af3_no_template,all,697,0.6456241032998565,1.0154482126235962,0.6140602582496413,0.0,0.6140602582496413
posebusters_valid_filter,af3_no_template,high,300,0.9233333333333333,0.34777654707431793,0.72,0.0,0.72
posebusters_valid_filter,af3_no_template,low,97,0.17525773195876287,7.625801086425781,0.27835051546391754,0.0,0.27835051546391754
posebusters_valid_filter,af3_no_template,mid,300,0.52,1.7920406460762024,0.6166666666666667,0.0,0.6166666666666667
posebusters_valid_filter,boltz,all,670,0.6059701492537314,1.2641462087631226,0.5029850746268657,0.0,0.5029850746268657
posebusters_valid_filter,boltz,high,300,0.85,0.5935752093791962,0.5733333333333334,0.0,0.5733333333333334
posebusters_valid_filter,boltz,low,70,0.08571428571428572,7.857880353927612,0.2571428571428571,0.0,0.2571428571428571
posebusters_valid_filter,boltz,mid,300,0.48333333333333334,2.0907338857650757,0.49,0.0,0.49
posebusters_valid_filter,boltz1x,all,666,0.6201201201201201,1.1631397008895874,0.9204204204204204,0.0,0.9204204204204204
posebusters_valid_filter,boltz1x,high,300,0.85,0.5457308888435364,0.9333333333333333,0.0,0.9333333333333333
posebusters_valid_filter,boltz1x,low,66,0.06060606060606061,7.1792778968811035,0.8181818181818182,0.0,0.8181818181818182
posebusters_valid_filter,boltz1x,mid,300,0.5133333333333333,1.9119031429290776,0.93,0.0,0.93
posebusters_valid_filter,boltz2,all,630,0.6936507936507936,0.9397163987159728,,0.0,0.0
posebusters_valid_filter,boltz2,high,300,0.91,0.43619489669799805,,0.0,0.0
posebusters_valid_filter,boltz2,low,31,0.06451612903225806,8.908732414245605,,0.0,0.0
posebusters_valid_filter,boltz2,mid,299,0.5418060200668896,1.7600971460342407,,0.0,0.0
posebusters_valid_filter,chai,all,680,0.5926470588235294,1.1785191297531128,0.6867647058823529,0.0,0.6867647058823529
posebusters_valid_filter,chai,high,300,0.8733333333333333,0.4541986435651779,0.8166666666666667,0.0,0.8166666666666667
posebusters_valid_filter,chai,low,80,0.2125,9.581171989440918,0.5,0.0,0.5
posebusters_valid_filter,chai,mid,300,0.41333333333333333,2.505332827568054,0.6066666666666667,0.0,0.6066666666666667
posebusters_valid_filter,protenix,all,687,0.5836972343522562,1.206549048423767,0.636098981077147,0.0,0.636098981077147
posebusters_valid_filter,protenix,high,300,0.91,0.4405972957611084,0.7333333333333333,0.0,0.7333333333333333
posebusters_valid_filter,protenix,low,87,0.10344827586206896,12.181598663330078,0.39080459770114945,0.0,0.39080459770114945
posebusters_valid_filter,protenix,mid,300,0.39666666666666667,2.7204418182373047,0.61,0.0,0.61
