detector,flagged_fraction,flagged_n,flagged_failure_rate,failure_enrichment,failure_capture_rate,retained_coverage,retained_success,global_success,retained_success_delta,flagged_failure_rescueable_rate,actionable_flag_rate
rank,0.05,237,0.6244725738396625,1.6630320318535687,0.08338028169014085,0.94986249206685,0.6376391982182628,0.6244975671673365,0.01314163105092625,0.19594594594594594,0.12236286919831224
rank,0.1,473,0.5602536997885835,1.4920108388172588,0.14929577464788732,0.8999365348000846,0.6450399623883404,0.6244975671673365,0.020542395221003873,0.2188679245283019,0.1226215644820296
rank,0.2,946,0.5539112050739958,1.4751201500759314,0.2952112676056338,0.7998730696001692,0.6691351494313673,0.6244975671673365,0.044637582264030806,0.22519083969465647,0.12473572938689217
rank,0.3,1419,0.5221987315010571,1.3906667063692941,0.41746478873239434,0.6998096044002539,0.6874244256348246,0.6244975671673365,0.06292685846748813,0.23076923076923078,0.12050739957716702
rank,0.4,1891,0.5018508725542041,1.3364783518668861,0.5346478873239436,0.599957689866723,0.7087447108603667,0.6244975671673365,0.08424714369303021,0.23076923076923078,0.11581173982020095
rank,0.5,2364,0.477580372250423,1.2718436166916898,0.636056338028169,0.4998942246668077,0.7266187050359711,0.6244975671673365,0.10212113786863464,0.2267493356953056,0.10829103214890017
rank_confidence,0.05,237,0.8860759493670886,2.3597076127651984,0.11830985915492957,0.94986249206685,0.6514476614699332,0.6244975671673365,0.02695009430259665,0.14761904761904762,0.1308016877637131
rank_confidence,0.1,473,0.828752642706131,2.2070499955334544,0.2208450704225352,0.8999365348000846,0.6748942172073342,0.6244975671673365,0.050396650039997715,0.14540816326530612,0.12050739957716702
rank_confidence,0.2,946,0.7748414376321353,2.063479141232171,0.41295774647887323,0.7998730696001692,0.7244115313409152,0.6244975671673365,0.09991396417357867,0.17462482946793997,0.13530655391120508
rank_confidence,0.3,1419,0.7209302325581395,1.9199082869308874,0.5763380281690141,0.6998096044002539,0.7726723095525998,0.6244975671673365,0.1481747423852633,0.20821114369501467,0.15010570824524314
rank_confidence,0.4,1891,0.6583818085668959,1.7533356670961784,0.7014084507042253,0.599957689866723,0.81311706629055,0.6244975671673365,0.18861949912321352,0.2216867469879518,0.14595452141723955
rank_confidence,0.5,2364,0.5989847715736041,1.5951555015371417,0.7977464788732395,0.4998942246668077,0.8480744815911976,0.6244975671673365,0.22357691442386107,0.22810734463276836,0.13663282571912014
memory_only,0.05,237,0.8734177215189873,2.32599750401141,0.11661971830985915,0.94986249206685,0.6507795100222717,0.6244975671673365,0.026281942854935236,0.11594202898550725,0.10126582278481013
memory_only,0.1,473,0.8562367864693446,2.2802429800792066,0.22816901408450704,0.8999365348000846,0.6779501645510109,0.6244975671673365,0.05345259738367436,0.10617283950617284,0.09090909090909091
memory_only,0.2,946,0.7854122621564482,2.0916302891343834,0.41859154929577463,0.7998730696001692,0.7270563343030945,0.6244975671673365,0.10255876713575796,0.1440107671601615,0.113107822410148
memory_only,0.3,1419,0.711768851303735,1.8955106254156369,0.5690140845070423,0.6998096044002539,0.7687424425634825,0.6244975671673365,0.14424487539614594,0.16237623762376238,0.11557434813248767
memory_only,0.4,1891,0.6467477525118984,1.7223530288021092,0.6890140845070423,0.599957689866723,0.8053596614950634,0.6244975671673365,0.18086209432772693,0.1733442354865086,0.1121099947117927
memory_only,0.5,2364,0.6027918781725888,1.605294201758776,0.8028169014084507,0.4998942246668077,0.8518831993228946,0.6244975671673365,0.22738563215555807,0.1887719298245614,0.11379018612521151
rank_confidence_ligand,0.05,237,0.9156118143459916,2.4383645331907053,0.12225352112676056,0.94986249206685,0.6530066815144766,0.6244975671673365,0.028509114347140097,0.1336405529953917,0.12236286919831224
rank_confidence_ligand,0.1,473,0.8773784355179705,2.3365452758836316,0.23380281690140844,0.8999365348000846,0.6803008932769159,0.6244975671673365,0.05580332610957939,0.1686746987951807,0.14799154334038056
rank_confidence_ligand,0.2,946,0.8224101479915433,2.190159306792127,0.4383098591549296,0.7998730696001692,0.7363131446707221,0.6244975671673365,0.11181557750338555,0.18123393316195371,0.14904862579281183
rank_confidence_ligand,0.3,1419,0.7498238195912614,1.9968547578636016,0.5994366197183099,0.6998096044002539,0.7850665054413543,0.6244975671673365,0.16056893827401775,0.20018796992481203,0.15010570824524314
rank_confidence_ligand,0.4,1891,0.6879957694341619,1.8322005645719903,0.7329577464788732,0.599957689866723,0.8328631875881524,0.6244975671673365,0.20836562042081586,0.20522674865488086,0.14119513484928609
rank_confidence_ligand,0.5,2364,0.626057529610829,1.6672529253354302,0.8338028169014085,0.4998942246668077,0.8751586965721541,0.6244975671673365,0.25066112940481755,0.21756756756756757,0.1362098138747885
rank_confidence_structure,0.05,237,0.9535864978902954,2.539494859452071,0.12732394366197183,0.94986249206685,0.6550111358574611,0.6244975671673365,0.03051356869012456,0.1504424778761062,0.14345991561181434
rank_confidence_structure,0.1,473,0.9154334038054969,2.4378894083315963,0.24394366197183098,0.8999365348000846,0.684532204983545,0.6244975671673365,0.060034637816208436,0.15935334872979215,0.14587737843551796
rank_confidence_structure,0.2,946,0.8636363636363636,2.2999487836107555,0.4602816901408451,0.7998730696001692,0.7466278762232214,0.6244975671673365,0.12213030905588484,0.193390452876377,0.16701902748414377
rank_confidence_structure,0.3,1419,0.7836504580690627,2.0869384311506813,0.6264788732394366,0.6998096044002539,0.7995767835550182,0.6244975671673365,0.17507921638768165,0.20323741007194246,0.15926708949964763
rank_confidence_structure,0.4,1891,0.7139079851930196,1.901207349863326,0.7605633802816901,0.599957689866723,0.8501410437235544,0.6244975671673365,0.22564347655621786,0.2162962962962963,0.15441565309360128
rank_confidence_structure,0.5,2364,0.6412859560067682,1.707807726221968,0.8540845070422535,0.4998942246668077,0.890393567498942,0.6244975671673365,0.26589600033160554,0.22691292875989447,0.1455160744500846
rank_confidence_memory,0.05,237,0.9620253164556962,2.56196826528793,0.12845070422535212,0.94986249206685,0.6554565701559021,0.6244975671673365,0.030959002988565576,0.12280701754385964,0.11814345991561181
rank_confidence_memory,0.1,473,0.9344608879492601,2.4885614745555786,0.24901408450704227,0.8999365348000846,0.6866478608368594,0.6244975671673365,0.06215029366952285,0.13574660633484162,0.12684989429175475
rank_confidence_memory,0.2,946,0.8668076109936576,2.308394127981419,0.4619718309859155,0.7998730696001692,0.7474213171118751,0.6244975671673365,0.12292374994453859,0.13414634146341464,0.11627906976744186
rank_confidence_memory,0.3,1419,0.7928118393234672,2.111336092665932,0.6338028169014085,0.6998096044002539,0.8035066505441354,0.6244975671673365,0.17900908337679888,0.1671111111111111,0.1324876673713883
rank_confidence_memory,0.4,1891,0.7191961924907456,1.9152903672697208,0.7661971830985915,0.599957689866723,0.8536671368124118,0.6244975671673365,0.2291695696450753,0.1889705882352941,0.13590692755156003
rank_confidence_memory,0.5,2364,0.6442470389170897,1.7156933819499058,0.8580281690140845,0.4998942246668077,0.8933559035124842,0.6244975671673365,0.26885833634514766,0.206172028890348,0.13282571912013535
rank_confidence_structure_memory,0.05,237,0.9493670886075949,2.5282581565341413,0.1267605633802817,0.94986249206685,0.6547884187082406,0.6244975671673365,0.03029085154090405,0.12444444444444444,0.11814345991561181
rank_confidence_structure_memory,0.1,473,0.9429175475687104,2.5110823928773485,0.2512676056338028,0.8999365348000846,0.6875881523272214,0.6244975671673365,0.06309058515988486,0.13228699551569506,0.12473572938689217
rank_confidence_structure_memory,0.2,946,0.8974630021141649,2.390032456897835,0.4783098591549296,0.7998730696001692,0.7550912457021952,0.6244975671673365,0.1305936785348587,0.1519434628975265,0.13636363636363635
rank_confidence_structure_memory,0.3,1419,0.8350951374207188,2.223940684274782,0.6676056338028169,0.6998096044002539,0.8216444981862152,0.6244975671673365,0.1971469310188787,0.17721518987341772,0.14799154334038056
rank_confidence_structure_memory,0.4,1891,0.7535695399259651,2.0068299804112883,0.8028169014084507,0.599957689866723,0.8765867418899859,0.6244975671673365,0.25208917472264936,0.1943859649122807,0.14648334214701217
rank_confidence_structure_memory,0.5,2364,0.666243654822335,1.7742725387860157,0.8873239436619719,0.4998942246668077,0.9153618281845112,0.6244975671673365,0.29086426101717466,0.21587301587301588,0.14382402707275804
rank_confidence_structure_memory_shuffled,0.05,237,0.9324894514767933,2.4833113448624236,0.12450704225352113,0.94986249206685,0.6538975501113586,0.6244975671673365,0.02939998294402213,0.16289592760180996,0.1518987341772152
rank_confidence_structure_memory_shuffled,0.1,473,0.9090909090909091,2.4209987195902687,0.24225352112676057,0.8999365348000846,0.6838269863657733,0.6244975671673365,0.05932941919843682,0.17674418604651163,0.160676532769556
rank_confidence_structure_memory_shuffled,0.2,946,0.8509513742071881,2.2661674061281003,0.4535211267605634,0.7998730696001692,0.7434541126686062,0.6244975671673365,0.11895654550126966,0.19006211180124225,0.16173361522198731
rank_confidence_structure_memory_shuffled,0.3,1419,0.7801268498942917,2.077554715183277,0.6236619718309859,0.6998096044002539,0.7980652962515115,0.6244975671673365,0.17356772908417495,0.20596205962059622,0.160676532769556
rank_confidence_structure_memory_shuffled,0.4,1891,0.7028027498677948,1.8716330133098962,0.7487323943661972,0.599957689866723,0.8427362482369535,0.6244975671673365,0.21823868106961697,0.2197140707298721,0.15441565309360128
rank_confidence_structure_memory_shuffled,0.5,2364,0.6357868020304569,1.6931629370129406,0.8467605633802817,0.4998942246668077,0.8848920863309353,0.6244975671673365,0.2603945191635988,0.22488356620093147,0.14297800338409475
