n_total,n_retained,coverage,failure_rate,success_rate,failure_cp_upper,benchmark,selector,target_risk,public_pool_cases,manifest_cases,manifest_coverage,dataset
489,0,0.0,,,,posebench_public_pool_lodo,lodo_run_prior,0.3,489.0,702,0.0,
489,0,0.0,,,,posebench_public_pool_lodo,lodo_run_prior,0.35,489.0,702,0.0,
489,0,0.0,,,,posebench_public_pool_lodo,lodo_run_prior,0.4,489.0,702,0.0,
489,0,0.0,,,,posebench_public_pool_lodo,lodo_run_prior,0.45,489.0,702,0.0,
489,96,0.19631901840490798,0.625,0.375,0.7076470804360884,posebench_public_pool_lodo,lodo_run_prior,0.5,489.0,702,0.13675213675213677,
489,463,0.9468302658486708,0.4946004319654428,0.5053995680345572,0.5338439040063931,posebench_public_pool_lodo,lodo_run_prior,0.55,489.0,702,0.6595441595441596,
489,488,0.9979550102249489,0.5061475409836066,0.4938524590163934,0.5442959617478891,posebench_public_pool_lodo,lodo_run_prior,0.6,489.0,702,0.6951566951566952,
489,0,0.0,,,,posebench_public_pool_lodo,lodo_prior_physics_calibrated,0.3,489.0,702,0.0,
489,0,0.0,,,,posebench_public_pool_lodo,lodo_prior_physics_calibrated,0.35,489.0,702,0.0,
489,0,0.0,,,,posebench_public_pool_lodo,lodo_prior_physics_calibrated,0.4,489.0,702,0.0,
489,8,0.016359918200409,0.75,0.25,0.9536107360203888,posebench_public_pool_lodo,lodo_prior_physics_calibrated,0.45,489.0,702,0.011396011396011397,
489,351,0.7177914110429447,0.4985754985754986,0.5014245014245013,0.5437823441404461,posebench_public_pool_lodo,lodo_prior_physics_calibrated,0.5,489.0,702,0.5,
489,464,0.9488752556237219,0.4892241379310345,0.5107758620689655,0.5284432507422349,posebench_public_pool_lodo,lodo_prior_physics_calibrated,0.55,489.0,702,0.6609686609686609,
489,488,0.9979550102249489,0.5,0.5,0.5381790102847348,posebench_public_pool_lodo,lodo_prior_physics_calibrated,0.6,489.0,702,0.6951566951566952,
489,0,0.0,,,,posebench_public_pool_lodo,blind_physics,0.3,489.0,702,0.0,
489,0,0.0,,,,posebench_public_pool_lodo,blind_physics,0.35,489.0,702,0.0,
489,0,0.0,,,,posebench_public_pool_lodo,blind_physics,0.4,489.0,702,0.0,
489,0,0.0,,,,posebench_public_pool_lodo,blind_physics,0.45,489.0,702,0.0,
489,0,0.0,,,,posebench_public_pool_lodo,blind_physics,0.5,489.0,702,0.0,
489,0,0.0,,,,posebench_public_pool_lodo,blind_physics,0.55,489.0,702,0.0,
489,0,0.0,,,,posebench_public_pool_lodo,blind_physics,0.6,489.0,702,0.0,
489,0,0.0,,,,posebench_public_pool_lodo,lodo_logreg_antimemory_weighted,0.3,489.0,702,0.0,
489,0,0.0,,,,posebench_public_pool_lodo,lodo_logreg_antimemory_weighted,0.35,489.0,702,0.0,
489,0,0.0,,,,posebench_public_pool_lodo,lodo_logreg_antimemory_weighted,0.4,489.0,702,0.0,
489,173,0.3537832310838446,0.45664739884393063,0.5433526011560694,0.522025985297481,posebench_public_pool_lodo,lodo_logreg_antimemory_weighted,0.45,489.0,702,0.24643874643874644,
489,243,0.49693251533742333,0.4773662551440329,0.522633744855967,0.5321179096092188,posebench_public_pool_lodo,lodo_logreg_antimemory_weighted,0.5,489.0,702,0.34615384615384615,
489,413,0.8445807770961146,0.5084745762711864,0.4915254237288136,0.5500061164945151,posebench_public_pool_lodo,lodo_logreg_antimemory_weighted,0.55,489.0,702,0.5883190883190883,
489,448,0.9161554192229039,0.5290178571428571,0.4709821428571429,0.5686960975761248,posebench_public_pool_lodo,lodo_logreg_antimemory_weighted,0.6,489.0,702,0.6381766381766382,
489,0,0.0,,,,posebench_public_pool_lodo,lodo_hgb_antimemory_penalized,0.3,489.0,702,0.0,
489,0,0.0,,,,posebench_public_pool_lodo,lodo_hgb_antimemory_penalized,0.35,489.0,702,0.0,
489,0,0.0,,,,posebench_public_pool_lodo,lodo_hgb_antimemory_penalized,0.4,489.0,702,0.0,
489,0,0.0,,,,posebench_public_pool_lodo,lodo_hgb_antimemory_penalized,0.45,489.0,702,0.0,
489,14,0.028629856850715747,0.7142857142857143,0.2857142857142857,0.8959526924076343,posebench_public_pool_lodo,lodo_hgb_antimemory_penalized,0.5,489.0,702,0.019943019943019943,
489,193,0.3946830265848671,0.5751295336787565,0.4248704663212435,0.6350697566126888,posebench_public_pool_lodo,lodo_hgb_antimemory_penalized,0.55,489.0,702,0.27492877492877493,
489,308,0.6298568507157464,0.5551948051948052,0.44480519480519476,0.6028455263988058,posebench_public_pool_lodo,lodo_hgb_antimemory_penalized,0.6,489.0,702,0.43874643874643876,
85,0,0.0,,,,posebench_public_pool_lodo,lodo_run_prior,0.3,,85,0.0,astex_diverse
99,0,0.0,,,,posebench_public_pool_lodo,lodo_run_prior,0.3,,189,0.0,dockgen
305,0,0.0,,,,posebench_public_pool_lodo,lodo_run_prior,0.3,,428,0.0,posebusters_benchmark
85,0,0.0,,,,posebench_public_pool_lodo,lodo_run_prior,0.35,,85,0.0,astex_diverse
99,0,0.0,,,,posebench_public_pool_lodo,lodo_run_prior,0.35,,189,0.0,dockgen
305,0,0.0,,,,posebench_public_pool_lodo,lodo_run_prior,0.35,,428,0.0,posebusters_benchmark
85,0,0.0,,,,posebench_public_pool_lodo,lodo_run_prior,0.4,,85,0.0,astex_diverse
99,0,0.0,,,,posebench_public_pool_lodo,lodo_run_prior,0.4,,189,0.0,dockgen
305,0,0.0,,,,posebench_public_pool_lodo,lodo_run_prior,0.4,,428,0.0,posebusters_benchmark
85,0,0.0,,,,posebench_public_pool_lodo,lodo_run_prior,0.45,,85,0.0,astex_diverse
99,0,0.0,,,,posebench_public_pool_lodo,lodo_run_prior,0.45,,189,0.0,dockgen
305,0,0.0,,,,posebench_public_pool_lodo,lodo_run_prior,0.45,,428,0.0,posebusters_benchmark
85,0,0.0,,,,posebench_public_pool_lodo,lodo_run_prior,0.5,,85,0.0,astex_diverse
99,96,0.9696969696969697,0.625,0.375,0.7076470804360884,posebench_public_pool_lodo,lodo_run_prior,0.5,,189,0.5079365079365079,dockgen
305,0,0.0,,,,posebench_public_pool_lodo,lodo_run_prior,0.5,,428,0.0,posebusters_benchmark
85,61,0.7176470588235294,0.2459016393442623,0.7540983606557377,0.35309707382588124,posebench_public_pool_lodo,lodo_run_prior,0.55,,85,0.7176470588235294,astex_diverse
99,99,1.0,0.6363636363636364,0.36363636363636365,0.7169832967348562,posebench_public_pool_lodo,lodo_run_prior,0.55,,189,0.5238095238095238,dockgen
305,303,0.9934426229508196,0.49834983498349833,0.5016501650165017,0.5471031767070222,posebench_public_pool_lodo,lodo_run_prior,0.55,,428,0.7079439252336449,posebusters_benchmark
85,85,1.0,0.3764705882352941,0.6235294117647059,0.4710641717443179,posebench_public_pool_lodo,lodo_run_prior,0.6,,85,1.0,astex_diverse
99,99,1.0,0.6363636363636364,0.36363636363636365,0.7169832967348562,posebench_public_pool_lodo,lodo_run_prior,0.6,,189,0.5238095238095238,dockgen
305,304,0.9967213114754099,0.5,0.5,0.5486590805505741,posebench_public_pool_lodo,lodo_run_prior,0.6,,428,0.7102803738317757,posebusters_benchmark
85,0,0.0,,,,posebench_public_pool_lodo,lodo_prior_physics_calibrated,0.3,,85,0.0,astex_diverse
99,0,0.0,,,,posebench_public_pool_lodo,lodo_prior_physics_calibrated,0.3,,189,0.0,dockgen
305,0,0.0,,,,posebench_public_pool_lodo,lodo_prior_physics_calibrated,0.3,,428,0.0,posebusters_benchmark
85,0,0.0,,,,posebench_public_pool_lodo,lodo_prior_physics_calibrated,0.35,,85,0.0,astex_diverse
99,0,0.0,,,,posebench_public_pool_lodo,lodo_prior_physics_calibrated,0.35,,189,0.0,dockgen
305,0,0.0,,,,posebench_public_pool_lodo,lodo_prior_physics_calibrated,0.35,,428,0.0,posebusters_benchmark
85,0,0.0,,,,posebench_public_pool_lodo,lodo_prior_physics_calibrated,0.4,,85,0.0,astex_diverse
99,0,0.0,,,,posebench_public_pool_lodo,lodo_prior_physics_calibrated,0.4,,189,0.0,dockgen
305,0,0.0,,,,posebench_public_pool_lodo,lodo_prior_physics_calibrated,0.4,,428,0.0,posebusters_benchmark
85,0,0.0,,,,posebench_public_pool_lodo,lodo_prior_physics_calibrated,0.45,,85,0.0,astex_diverse
99,8,0.08080808080808081,0.75,0.25,0.9536107360203888,posebench_public_pool_lodo,lodo_prior_physics_calibrated,0.45,,189,0.042328042328042326,dockgen
305,0,0.0,,,,posebench_public_pool_lodo,lodo_prior_physics_calibrated,0.45,,428,0.0,posebusters_benchmark
85,0,0.0,,,,posebench_public_pool_lodo,lodo_prior_physics_calibrated,0.5,,85,0.0,astex_diverse
99,89,0.898989898989899,0.5955056179775281,0.4044943820224719,0.6832465530358829,posebench_public_pool_lodo,lodo_prior_physics_calibrated,0.5,,189,0.4708994708994709,dockgen
305,262,0.8590163934426229,0.46564885496183206,0.5343511450381679,0.5183450352493155,posebench_public_pool_lodo,lodo_prior_physics_calibrated,0.5,,428,0.6121495327102804,posebusters_benchmark
85,62,0.7294117647058823,0.24193548387096775,0.7580645161290323,0.34781575686368743,posebench_public_pool_lodo,lodo_prior_physics_calibrated,0.55,,85,0.7294117647058823,astex_diverse
99,99,1.0,0.6161616161616161,0.38383838383838387,0.6981026949664055,posebench_public_pool_lodo,lodo_prior_physics_calibrated,0.55,,189,0.5238095238095238,dockgen
305,303,0.9934426229508196,0.49834983498349833,0.5016501650165017,0.5471031767070222,posebench_public_pool_lodo,lodo_prior_physics_calibrated,0.55,,428,0.7079439252336449,posebusters_benchmark
85,85,1.0,0.36470588235294116,0.6352941176470588,0.4590681926048641,posebench_public_pool_lodo,lodo_prior_physics_calibrated,0.6,,85,1.0,astex_diverse
99,99,1.0,0.6161616161616161,0.38383838383838387,0.6981026949664055,posebench_public_pool_lodo,lodo_prior_physics_calibrated,0.6,,189,0.5238095238095238,dockgen
305,304,0.9967213114754099,0.5,0.5,0.5486590805505741,posebench_public_pool_lodo,lodo_prior_physics_calibrated,0.6,,428,0.7102803738317757,posebusters_benchmark
85,0,0.0,,,,posebench_public_pool_lodo,blind_physics,0.3,,85,0.0,astex_diverse
99,0,0.0,,,,posebench_public_pool_lodo,blind_physics,0.3,,189,0.0,dockgen
305,0,0.0,,,,posebench_public_pool_lodo,blind_physics,0.3,,428,0.0,posebusters_benchmark
85,0,0.0,,,,posebench_public_pool_lodo,blind_physics,0.35,,85,0.0,astex_diverse
99,0,0.0,,,,posebench_public_pool_lodo,blind_physics,0.35,,189,0.0,dockgen
305,0,0.0,,,,posebench_public_pool_lodo,blind_physics,0.35,,428,0.0,posebusters_benchmark
85,0,0.0,,,,posebench_public_pool_lodo,blind_physics,0.4,,85,0.0,astex_diverse
99,0,0.0,,,,posebench_public_pool_lodo,blind_physics,0.4,,189,0.0,dockgen
305,0,0.0,,,,posebench_public_pool_lodo,blind_physics,0.4,,428,0.0,posebusters_benchmark
85,0,0.0,,,,posebench_public_pool_lodo,blind_physics,0.45,,85,0.0,astex_diverse
99,0,0.0,,,,posebench_public_pool_lodo,blind_physics,0.45,,189,0.0,dockgen
305,0,0.0,,,,posebench_public_pool_lodo,blind_physics,0.45,,428,0.0,posebusters_benchmark
85,0,0.0,,,,posebench_public_pool_lodo,blind_physics,0.5,,85,0.0,astex_diverse
99,0,0.0,,,,posebench_public_pool_lodo,blind_physics,0.5,,189,0.0,dockgen
305,0,0.0,,,,posebench_public_pool_lodo,blind_physics,0.5,,428,0.0,posebusters_benchmark
85,0,0.0,,,,posebench_public_pool_lodo,blind_physics,0.55,,85,0.0,astex_diverse
99,0,0.0,,,,posebench_public_pool_lodo,blind_physics,0.55,,189,0.0,dockgen
305,0,0.0,,,,posebench_public_pool_lodo,blind_physics,0.55,,428,0.0,posebusters_benchmark
85,0,0.0,,,,posebench_public_pool_lodo,blind_physics,0.6,,85,0.0,astex_diverse
99,0,0.0,,,,posebench_public_pool_lodo,blind_physics,0.6,,189,0.0,dockgen
305,0,0.0,,,,posebench_public_pool_lodo,blind_physics,0.6,,428,0.0,posebusters_benchmark
85,0,0.0,,,,posebench_public_pool_lodo,lodo_logreg_antimemory_weighted,0.3,,85,0.0,astex_diverse
99,0,0.0,,,,posebench_public_pool_lodo,lodo_logreg_antimemory_weighted,0.3,,189,0.0,dockgen
305,0,0.0,,,,posebench_public_pool_lodo,lodo_logreg_antimemory_weighted,0.3,,428,0.0,posebusters_benchmark
85,0,0.0,,,,posebench_public_pool_lodo,lodo_logreg_antimemory_weighted,0.35,,85,0.0,astex_diverse
99,0,0.0,,,,posebench_public_pool_lodo,lodo_logreg_antimemory_weighted,0.35,,189,0.0,dockgen
305,0,0.0,,,,posebench_public_pool_lodo,lodo_logreg_antimemory_weighted,0.35,,428,0.0,posebusters_benchmark
85,0,0.0,,,,posebench_public_pool_lodo,lodo_logreg_antimemory_weighted,0.4,,85,0.0,astex_diverse
99,0,0.0,,,,posebench_public_pool_lodo,lodo_logreg_antimemory_weighted,0.4,,189,0.0,dockgen
305,0,0.0,,,,posebench_public_pool_lodo,lodo_logreg_antimemory_weighted,0.4,,428,0.0,posebusters_benchmark
85,0,0.0,,,,posebench_public_pool_lodo,lodo_logreg_antimemory_weighted,0.45,,85,0.0,astex_diverse
99,0,0.0,,,,posebench_public_pool_lodo,lodo_logreg_antimemory_weighted,0.45,,189,0.0,dockgen
305,173,0.5672131147540984,0.45664739884393063,0.5433526011560694,0.522025985297481,posebench_public_pool_lodo,lodo_logreg_antimemory_weighted,0.45,,428,0.40420560747663553,posebusters_benchmark
85,0,0.0,,,,posebench_public_pool_lodo,lodo_logreg_antimemory_weighted,0.5,,85,0.0,astex_diverse
99,32,0.32323232323232326,0.625,0.375,0.7673779288977712,posebench_public_pool_lodo,lodo_logreg_antimemory_weighted,0.5,,189,0.1693121693121693,dockgen
305,211,0.6918032786885245,0.4549763033175355,0.5450236966824644,0.5139416751296099,posebench_public_pool_lodo,lodo_logreg_antimemory_weighted,0.5,,428,0.4929906542056075,posebusters_benchmark
85,69,0.8117647058823529,0.36231884057971014,0.6376811594202898,0.4678989293606492,posebench_public_pool_lodo,lodo_logreg_antimemory_weighted,0.55,,85,0.8117647058823529,astex_diverse
99,94,0.9494949494949495,0.6702127659574468,0.32978723404255317,0.7503086986598375,posebench_public_pool_lodo,lodo_logreg_antimemory_weighted,0.55,,189,0.4973544973544973,dockgen
305,250,0.819672131147541,0.488,0.512,0.5418975467816836,posebench_public_pool_lodo,lodo_logreg_antimemory_weighted,0.55,,428,0.5841121495327103,posebusters_benchmark
85,83,0.9764705882352941,0.43373493975903615,0.5662650602409638,0.5299216365695392,posebench_public_pool_lodo,lodo_logreg_antimemory_weighted,0.6,,85,0.9764705882352941,astex_diverse
99,99,1.0,0.6868686868686869,0.31313131313131315,0.7635160084695116,posebench_public_pool_lodo,lodo_logreg_antimemory_weighted,0.6,,189,0.5238095238095238,dockgen
305,266,0.8721311475409836,0.5,0.5,0.5521155345958744,posebench_public_pool_lodo,lodo_logreg_antimemory_weighted,0.6,,428,0.6214953271028038,posebusters_benchmark
85,0,0.0,,,,posebench_public_pool_lodo,lodo_hgb_antimemory_penalized,0.3,,85,0.0,astex_diverse
99,0,0.0,,,,posebench_public_pool_lodo,lodo_hgb_antimemory_penalized,0.3,,189,0.0,dockgen
305,0,0.0,,,,posebench_public_pool_lodo,lodo_hgb_antimemory_penalized,0.3,,428,0.0,posebusters_benchmark
85,0,0.0,,,,posebench_public_pool_lodo,lodo_hgb_antimemory_penalized,0.35,,85,0.0,astex_diverse
99,0,0.0,,,,posebench_public_pool_lodo,lodo_hgb_antimemory_penalized,0.35,,189,0.0,dockgen
305,0,0.0,,,,posebench_public_pool_lodo,lodo_hgb_antimemory_penalized,0.35,,428,0.0,posebusters_benchmark
85,0,0.0,,,,posebench_public_pool_lodo,lodo_hgb_antimemory_penalized,0.4,,85,0.0,astex_diverse
99,0,0.0,,,,posebench_public_pool_lodo,lodo_hgb_antimemory_penalized,0.4,,189,0.0,dockgen
305,0,0.0,,,,posebench_public_pool_lodo,lodo_hgb_antimemory_penalized,0.4,,428,0.0,posebusters_benchmark
85,0,0.0,,,,posebench_public_pool_lodo,lodo_hgb_antimemory_penalized,0.45,,85,0.0,astex_diverse
99,0,0.0,,,,posebench_public_pool_lodo,lodo_hgb_antimemory_penalized,0.45,,189,0.0,dockgen
305,0,0.0,,,,posebench_public_pool_lodo,lodo_hgb_antimemory_penalized,0.45,,428,0.0,posebusters_benchmark
85,0,0.0,,,,posebench_public_pool_lodo,lodo_hgb_antimemory_penalized,0.5,,85,0.0,astex_diverse
99,14,0.1414141414141414,0.7142857142857143,0.2857142857142857,0.8959526924076343,posebench_public_pool_lodo,lodo_hgb_antimemory_penalized,0.5,,189,0.07407407407407407,dockgen
305,0,0.0,,,,posebench_public_pool_lodo,lodo_hgb_antimemory_penalized,0.5,,428,0.0,posebusters_benchmark
85,0,0.0,,,,posebench_public_pool_lodo,lodo_hgb_antimemory_penalized,0.55,,85,0.0,astex_diverse
99,88,0.8888888888888888,0.6590909090909091,0.34090909090909094,0.7427989195299497,posebench_public_pool_lodo,lodo_hgb_antimemory_penalized,0.55,,189,0.4656084656084656,dockgen
305,105,0.3442622950819672,0.5047619047619047,0.49523809523809526,0.5888767317030583,posebench_public_pool_lodo,lodo_hgb_antimemory_penalized,0.55,,428,0.24532710280373832,posebusters_benchmark
85,78,0.9176470588235294,0.47435897435897434,0.5256410256410257,0.5732492248364781,posebench_public_pool_lodo,lodo_hgb_antimemory_penalized,0.6,,85,0.9176470588235294,astex_diverse
99,99,1.0,0.6666666666666666,0.33333333333333337,0.7450215964457696,posebench_public_pool_lodo,lodo_hgb_antimemory_penalized,0.6,,189,0.5238095238095238,dockgen
305,131,0.42950819672131146,0.5190839694656488,0.48091603053435117,0.5938076499182827,posebench_public_pool_lodo,lodo_hgb_antimemory_penalized,0.6,,428,0.3060747663551402,posebusters_benchmark
