similarity_bin,n_total,n_retained,coverage,failure_rate,success_rate,failure_cp_upper,benchmark,detector,target_risk
high,2100,0,0.0,,,,runs_n_poses,rank,0.1
low,528,0,0.0,,,,runs_n_poses,rank,0.1
mid,2099,0,0.0,,,,runs_n_poses,rank,0.1
high,2100,7,0.0033333333333333335,0.0,1.0,0.34816365513116077,runs_n_poses,rank,0.15
low,528,0,0.0,,,,runs_n_poses,rank,0.15
mid,2099,3,0.0014292520247737017,0.3333333333333333,0.6666666666666667,0.8646496378284161,runs_n_poses,rank,0.15
high,2100,375,0.17857142857142858,0.02666666666666667,0.9733333333333334,0.044812743339634656,runs_n_poses,rank,0.2
low,528,25,0.04734848484848485,0.56,0.43999999999999995,0.7301469412937531,runs_n_poses,rank,0.2
mid,2099,269,0.12815626488804194,0.34944237918215615,0.6505576208178439,0.400197035232995,runs_n_poses,rank,0.2
high,2100,692,0.3295238095238095,0.05491329479768786,0.9450867052023122,0.07135881456191355,runs_n_poses,rank,0.25
low,528,76,0.14393939393939395,0.75,0.25,0.8296778771117408,runs_n_poses,rank,0.25
mid,2099,515,0.24535493091948546,0.39223300970873787,0.6077669902912621,0.42898824380193684,runs_n_poses,rank,0.25
high,2100,1328,0.6323809523809524,0.0730421686746988,0.9269578313253012,0.0858811444238373,runs_n_poses,rank,0.3
low,528,194,0.36742424242424243,0.8092783505154639,0.19072164948453607,0.8544574482481753,runs_n_poses,rank,0.3
mid,2099,1119,0.5331110052405907,0.450402144772118,0.549597855227882,0.4753892099604818,runs_n_poses,rank,0.3
high,2100,1838,0.8752380952380953,0.0984766050054407,0.9015233949945594,0.11066064384964625,runs_n_poses,rank,0.35
low,528,363,0.6875,0.8484848484848485,0.1515151515151515,0.8786127837701804,runs_n_poses,rank,0.35
mid,2099,1683,0.8018103858980467,0.48841354723707664,0.5115864527629234,0.508756095069048,runs_n_poses,rank,0.35
high,2100,982,0.4676190476190476,0.029531568228105907,0.9704684317718941,0.04004891033360816,runs_n_poses,rank_confidence,0.1
low,528,28,0.05303030303030303,0.4642857142857143,0.5357142857142857,0.6338032519942278,runs_n_poses,rank_confidence,0.1
mid,2099,422,0.20104811815150073,0.1990521327014218,0.8009478672985781,0.23374464753395016,runs_n_poses,rank_confidence,0.1
high,2100,1345,0.6404761904761904,0.036431226765799254,0.9635687732342008,0.045996264218520405,runs_n_poses,rank_confidence,0.15
low,528,76,0.14393939393939395,0.6052631578947368,0.39473684210526316,0.6996227320718532,runs_n_poses,rank_confidence,0.15
mid,2099,767,0.36541210100047644,0.27640156453715775,0.7235984354628422,0.3042266095962502,runs_n_poses,rank_confidence,0.15
high,2100,1617,0.77,0.055658627087198514,0.9443413729128015,0.06596234701224597,runs_n_poses,rank_confidence,0.2
low,528,130,0.24621212121212122,0.676923076923077,0.32307692307692304,0.7446433334089335,runs_n_poses,rank_confidence,0.2
mid,2099,1066,0.5078608861362554,0.3273921200750469,0.6726078799249531,0.3518364336668569,runs_n_poses,rank_confidence,0.2
high,2100,1833,0.8728571428571429,0.07146753955264594,0.928532460447354,0.08215627157323104,runs_n_poses,rank_confidence,0.25
low,528,211,0.3996212121212121,0.7488151658767772,0.2511848341232228,0.7974381445442721,runs_n_poses,rank_confidence,0.25
mid,2099,1352,0.6441162458313483,0.3838757396449704,0.6161242603550297,0.4061733464326222,runs_n_poses,rank_confidence,0.25
high,2100,1969,0.9376190476190476,0.08735398679532758,0.9126460132046724,0.09853629450012318,runs_n_poses,rank_confidence,0.3
low,528,296,0.5606060606060606,0.7804054054054054,0.21959459459459463,0.8194442069014471,runs_n_poses,rank_confidence,0.3
mid,2099,1632,0.7775131014768938,0.4430147058823529,0.5569852941176471,0.46361072306085094,runs_n_poses,rank_confidence,0.3
high,2100,2050,0.9761904761904762,0.09951219512195122,0.9004878048780488,0.11105987017523666,runs_n_poses,rank_confidence,0.35
low,528,410,0.7765151515151515,0.8268292682926829,0.17317073170731712,0.8569573459206735,runs_n_poses,rank_confidence,0.35
mid,2099,1912,0.9109099571224393,0.48640167364016734,0.5135983263598327,0.5054707464045156,runs_n_poses,rank_confidence,0.35
high,2100,1438,0.6847619047619048,0.07858136300417246,0.9214186369958275,0.09125234230473182,runs_n_poses,reference_neighborhood_only,0.1
low,528,6,0.011363636363636364,0.8333333333333334,0.16666666666666663,0.9914875553891529,runs_n_poses,reference_neighborhood_only,0.1
mid,2099,135,0.06431634111481659,0.21481481481481482,0.7851851851851852,0.2811387165176934,runs_n_poses,reference_neighborhood_only,0.1
high,2100,1784,0.8495238095238096,0.10033632286995516,0.8996636771300448,0.11280944917342096,runs_n_poses,reference_neighborhood_only,0.15
low,528,10,0.01893939393939394,0.9,0.09999999999999998,0.9948838031081763,runs_n_poses,reference_neighborhood_only,0.15
mid,2099,368,0.17532158170557408,0.3016304347826087,0.6983695652173914,0.34344426788232013,runs_n_poses,reference_neighborhood_only,0.15
high,2100,2004,0.9542857142857143,0.10678642714570859,0.8932135728542914,0.1188137425360952,runs_n_poses,reference_neighborhood_only,0.2
low,528,10,0.01893939393939394,0.9,0.09999999999999998,0.9948838031081763,runs_n_poses,reference_neighborhood_only,0.2
mid,2099,722,0.34397332062887087,0.39058171745152354,0.6094182825484764,0.42143343798135713,runs_n_poses,reference_neighborhood_only,0.2
high,2100,2083,0.991904761904762,0.1099375900144023,0.8900624099855977,0.12186112741168986,runs_n_poses,reference_neighborhood_only,0.25
low,528,54,0.10227272727272728,0.8703703703703703,0.12962962962962965,0.9375473868796255,runs_n_poses,reference_neighborhood_only,0.25
mid,2099,1196,0.5697951405431158,0.41304347826086957,0.5869565217391304,0.4370203818323582,runs_n_poses,reference_neighborhood_only,0.25
high,2100,2099,0.9995238095238095,0.1110052405907575,0.8889947594092424,0.1229271478865569,runs_n_poses,reference_neighborhood_only,0.3
low,528,119,0.22537878787878787,0.7983193277310925,0.2016806722689075,0.8568619724221517,runs_n_poses,reference_neighborhood_only,0.3
mid,2099,1671,0.7960933777989518,0.4757630161579892,0.5242369838420108,0.49617776095313987,runs_n_poses,reference_neighborhood_only,0.3
high,2100,2099,0.9995238095238095,0.1110052405907575,0.8889947594092424,0.1229271478865569,runs_n_poses,reference_neighborhood_only,0.35
low,528,284,0.5378787878787878,0.8204225352112676,0.17957746478873238,0.8570171455698791,runs_n_poses,reference_neighborhood_only,0.35
mid,2099,2032,0.9680800381133873,0.5093503937007874,0.4906496062992126,0.5278193437474161,runs_n_poses,reference_neighborhood_only,0.35
high,2100,1463,0.6966666666666667,0.03007518796992481,0.9699248120300752,0.038502048701399075,runs_n_poses,rank_confidence_structure,0.1
low,528,50,0.0946969696969697,0.56,0.43999999999999995,0.6801741113944499,runs_n_poses,rank_confidence_structure,0.1
mid,2099,580,0.27632205812291566,0.20172413793103447,0.7982758620689655,0.23110044979345065,runs_n_poses,rank_confidence_structure,0.1
high,2100,1683,0.8014285714285714,0.043969102792632206,0.9560308972073678,0.05309917221789321,runs_n_poses,rank_confidence_structure,0.15
low,528,97,0.18371212121212122,0.6288659793814433,0.3711340206185567,0.7108272925839525,runs_n_poses,rank_confidence_structure,0.15
mid,2099,925,0.4406860409718914,0.25513513513513514,0.7448648648648648,0.279812880552766,runs_n_poses,rank_confidence_structure,0.15
high,2100,1849,0.8804761904761905,0.058950784207679824,0.9410492157923201,0.06876360188224027,runs_n_poses,rank_confidence_structure,0.2
low,528,155,0.2935606060606061,0.6774193548387096,0.32258064516129037,0.739436691615969,runs_n_poses,rank_confidence_structure,0.2
mid,2099,1220,0.5812291567413054,0.32786885245901637,0.6721311475409837,0.3506774570868124,runs_n_poses,rank_confidence_structure,0.2
high,2100,1941,0.9242857142857143,0.07109737248840804,0.9289026275115919,0.08143974158178666,runs_n_poses,rank_confidence_structure,0.25
low,528,222,0.42045454545454547,0.7162162162162162,0.28378378378378377,0.7658485004176583,runs_n_poses,rank_confidence_structure,0.25
mid,2099,1461,0.6960457360647928,0.38261464750171115,0.6173853524982889,0.40403381870277466,runs_n_poses,rank_confidence_structure,0.25
high,2100,2006,0.9552380952380952,0.08325024925224327,0.9167497507477568,0.09410363370709059,runs_n_poses,rank_confidence_structure,0.3
low,528,310,0.5871212121212122,0.7709677419354839,0.2290322580645161,0.809779630312436,runs_n_poses,rank_confidence_structure,0.3
mid,2099,1729,0.8237255836112435,0.4384037015615963,0.5615962984384038,0.45838773472768346,runs_n_poses,rank_confidence_structure,0.3
high,2100,2067,0.9842857142857143,0.10256410256410256,0.8974358974358975,0.11420396072881359,runs_n_poses,rank_confidence_structure,0.35
low,528,415,0.7859848484848485,0.8265060240963855,0.17349397590361448,0.8564806748325291,runs_n_poses,rank_confidence_structure,0.35
mid,2099,1942,0.9252024773701762,0.4835221421215242,0.5164778578784758,0.5024413568538562,runs_n_poses,rank_confidence_structure,0.35
high,2100,1846,0.8790476190476191,0.06121343445287107,0.9387865655471289,0.07119188317481849,runs_n_poses,rank_confidence_structure_reference_neighborhood,0.1
low,528,13,0.02462121212121212,0.5384615384615384,0.46153846153846156,0.7760446057886807,runs_n_poses,rank_confidence_structure_reference_neighborhood,0.1
mid,2099,566,0.2696522153406384,0.17491166077738515,0.8250883392226148,0.20330810633911792,runs_n_poses,rank_confidence_structure_reference_neighborhood,0.1
high,2100,1985,0.9452380952380952,0.07909319899244333,0.9209068010075567,0.08977759904058497,runs_n_poses,rank_confidence_structure_reference_neighborhood,0.15
low,528,36,0.06818181818181818,0.3611111111111111,0.6388888888888888,0.5116834293432175,runs_n_poses,rank_confidence_structure_reference_neighborhood,0.15
mid,2099,946,0.4506908051453073,0.25898520084566595,0.7410147991543341,0.2834806197894401,runs_n_poses,rank_confidence_structure_reference_neighborhood,0.15
high,2100,2045,0.9738095238095238,0.09437652811735942,0.9056234718826406,0.10569082274103114,runs_n_poses,rank_confidence_structure_reference_neighborhood,0.2
low,528,56,0.10606060606060606,0.39285714285714285,0.6071428571428572,0.5114980407204273,runs_n_poses,rank_confidence_structure_reference_neighborhood,0.2
mid,2099,1281,0.6102906145783706,0.3317720530835285,0.6682279469164716,0.35407285970090896,runs_n_poses,rank_confidence_structure_reference_neighborhood,0.2
high,2100,2079,0.99,0.10437710437710437,0.8956228956228957,0.1160644133891082,runs_n_poses,rank_confidence_structure_reference_neighborhood,0.25
low,528,92,0.17424242424242425,0.5434782608695652,0.4565217391304348,0.6322788114127491,runs_n_poses,rank_confidence_structure_reference_neighborhood,0.25
mid,2099,1551,0.7389232968080038,0.39909735654416506,0.6009026434558349,0.42000232484117445,runs_n_poses,rank_confidence_structure_reference_neighborhood,0.25
high,2100,2087,0.9938095238095238,0.10637278390033542,0.8936272160996646,0.11812643310440263,runs_n_poses,rank_confidence_structure_reference_neighborhood,0.3
low,528,171,0.32386363636363635,0.6900584795321637,0.3099415204678363,0.74832599951159,runs_n_poses,rank_confidence_structure_reference_neighborhood,0.3
mid,2099,1813,0.863744640304907,0.4550468836183122,0.5449531163816879,0.47460341452301325,runs_n_poses,rank_confidence_structure_reference_neighborhood,0.3
high,2100,2099,0.9995238095238095,0.1110052405907575,0.8889947594092424,0.1229271478865569,runs_n_poses,rank_confidence_structure_reference_neighborhood,0.35
low,528,323,0.6117424242424242,0.8018575851393189,0.19814241486068107,0.837709535070808,runs_n_poses,rank_confidence_structure_reference_neighborhood,0.35
mid,2099,2010,0.9575988565983802,0.5004975124378109,0.49950248756218907,0.5190812238325089,runs_n_poses,rank_confidence_structure_reference_neighborhood,0.35
high,2100,1419,0.6757142857142857,0.028188865398167725,0.9718111346018323,0.03653775134186605,runs_n_poses,rank_confidence_structure_reference_neighborhood_shuffled,0.1
low,528,51,0.09659090909090909,0.5882352941176471,0.4117647058823529,0.7049888508764157,runs_n_poses,rank_confidence_structure_reference_neighborhood_shuffled,0.1
mid,2099,517,0.24630776560266793,0.2011605415860735,0.7988394584139265,0.23237102392549522,runs_n_poses,rank_confidence_structure_reference_neighborhood_shuffled,0.1
high,2100,1652,0.7866666666666666,0.04116222760290557,0.9588377723970944,0.050134387991527626,runs_n_poses,rank_confidence_structure_reference_neighborhood_shuffled,0.15
low,528,100,0.1893939393939394,0.62,0.38,0.7012897297269307,runs_n_poses,rank_confidence_structure_reference_neighborhood_shuffled,0.15
mid,2099,878,0.41829442591710336,0.26993166287015946,0.7300683371298405,0.29569592752534346,runs_n_poses,rank_confidence_structure_reference_neighborhood_shuffled,0.15
high,2100,1829,0.8709523809523809,0.057408419901585565,0.9425915800984145,0.06716964494206658,runs_n_poses,rank_confidence_structure_reference_neighborhood_shuffled,0.2
low,528,148,0.2803030303030303,0.6824324324324325,0.31756756756756754,0.7455571868530548,runs_n_poses,rank_confidence_structure_reference_neighborhood_shuffled,0.2
mid,2099,1192,0.5678894711767508,0.3288590604026846,0.6711409395973154,0.35195755309433646,runs_n_poses,rank_confidence_structure_reference_neighborhood_shuffled,0.2
high,2100,1934,0.920952380952381,0.06980351602895553,0.9301964839710445,0.08008649604379818,runs_n_poses,rank_confidence_structure_reference_neighborhood_shuffled,0.25
low,528,220,0.4166666666666667,0.7136363636363636,0.2863636363636364,0.7636532449799285,runs_n_poses,rank_confidence_structure_reference_neighborhood_shuffled,0.25
mid,2099,1445,0.6884230585993331,0.3854671280276817,0.6145328719723183,0.4070323750437066,runs_n_poses,rank_confidence_structure_reference_neighborhood_shuffled,0.25
high,2100,2012,0.9580952380952381,0.08548707753479125,0.9145129224652088,0.09644305528731237,runs_n_poses,rank_confidence_structure_reference_neighborhood_shuffled,0.3
low,528,310,0.5871212121212122,0.7774193548387097,0.22258064516129028,0.8157911862141736,runs_n_poses,rank_confidence_structure_reference_neighborhood_shuffled,0.3
mid,2099,1709,0.8141972367794188,0.435927442949093,0.564072557050907,0.4560207875519133,runs_n_poses,rank_confidence_structure_reference_neighborhood_shuffled,0.3
high,2100,2066,0.9838095238095238,0.10164569215876089,0.8983543078412392,0.11324593682809925,runs_n_poses,rank_confidence_structure_reference_neighborhood_shuffled,0.35
low,528,411,0.7784090909090909,0.8248175182481752,0.17518248175182483,0.8550605646146645,runs_n_poses,rank_confidence_structure_reference_neighborhood_shuffled,0.35
mid,2099,1938,0.9232968080038113,0.4850361197110423,0.5149638802889577,0.5039751948637241,runs_n_poses,rank_confidence_structure_reference_neighborhood_shuffled,0.35
